term,posting
limited,9:2
all,"0:9,1:8,2:8,3:8,4:8,5:8,6:8,7:9,8:12,9:8,10:9,11:8,12:8,13:8,14:8,15:8,16:8,17:8,18:9,19:9,20:8"
concept,0:1
searchable,19:1
ali,"1:1,6:10,19:2"
wie,18:1
global,"3:1,4:1"
dynamic,16:1
colleges,"0:8,1:8,2:8,3:8,4:8,5:8,6:8,7:8,8:8,9:8,10:8,11:8,12:8,13:8,14:8,15:8,16:8,17:8,18:8,19:8,20:8"
facilities,"0:6,1:2,2:13,3:2,4:2,5:2,6:2,7:2,8:2,9:3,10:6,11:11,12:4,13:2,14:2,15:2,16:2,17:2,18:2,19:2,20:2"
code,"3:1,4:1,8:2,20:2"
ga,"0:12,1:12,2:12,3:12,4:12,5:12,6:12,7:12,8:12,9:12,10:12,11:12,12:12,13:12,14:12,15:12,16:12,17:12,18:12,19:12,20:12"
go,0:1
follow,"0:1,3:1,4:1,10:1,13:1,14:1,18:1,20:1"
chair,"0:3,1:3,9:2"
fellows,"6:1,11:1"
integrity,"8:2,20:2"
children,20:4
optical,11:4
looking,"0:1,8:3"
onur,"6:2,20:2"
instructor,9:1
calculate,8:2
dolatabadi,"1:1,6:8,19:2"
concerned,8:2
kazemi,6:2
laid,20:1
opportunities,"0:7,1:6,2:6,3:6,4:6,5:7,6:6,7:6,8:6,9:18,10:6,11:6,12:6,13:6,14:6,15:6,16:6,17:6,18:6,19:6,20:6"
environment,"0:1,12:1"
to,"0:8,1:7,2:3,3:7,4:6,5:8,6:2,7:4,8:17,9:2,10:5,11:4,12:4,13:5,14:5,15:3,16:6,17:7,18:5,19:6,20:12"
availability,20:2
program,"0:1,1:7,5:5,10:1,16:2,17:3,19:9,20:10"
nieurs,"13:1,14:1,15:1,18:1"
teaching,"0:2,1:1,2:3,3:1,4:1,5:1,6:1,7:3,8:1,9:8,10:2,11:1,12:11,13:1,14:1,15:1,16:1,17:1,18:1,19:1,20:1"
must,19:1
presentation,16:1
silicon,11:4
resources,"0:4,1:4,2:5,3:4,4:4,5:4,6:4,7:4,8:9,9:5,10:5,11:4,12:4,13:4,14:4,15:4,16:4,17:4,18:4,19:4,20:4"
activities,"0:2,11:1"
fax,10:1
workshops,8:2
sherbrooke,"0:1,1:1,2:1,3:1,4:1,5:1,6:1,7:1,8:1,9:1,10:1,11:1,12:1,13:1,14:1,15:1,16:1,17:1,18:1,19:1,20:1"
risk,10:1
zhang,6:2
very,"3:1,4:1"
automotive,"0:1,18:1"
faq,8:2
emergencies,10:2
electron,11:8
handling,10:1
facebook,"0:2,1:2,2:2,3:2,4:2,5:2,6:2,7:2,8:2,9:2,10:2,11:2,12:2,13:2,14:2,15:2,16:2,17:2,18:4,19:3,20:2"
additional,20:2
cellular,6:2
li,20:28
exact,20:1
newly,12:1
encounter,20:1
supervising,10:1
serve,20:1
school,"0:8,1:8,2:8,3:8,4:8,5:8,6:8,7:8,8:8,9:8,10:8,11:8,12:8,13:8,14:8,15:8,16:8,17:8,18:8,19:8,20:8"
beginning,20:1
alma,18:1
immediately,20:1
cause,4:1
list,20:2
solution,10:2
culminating,16:1
integrated,"12:4,17:1"
try,20:1
p,"3:3,4:3"
thermo,9:1
team,"0:1,1:1,8:1,18:1"
quick,"0:4,1:4,2:4,3:4,4:4,5:4,6:4,7:4,8:4,9:4,10:4,11:4,12:4,13:4,14:4,15:4,16:4,17:4,18:4,19:4,20:4"
div,20:2
ewb,18:2
round,5:1
logistics,6:2
aeronautics,18:1
ecsga,18:1
des,"13:1,14:1,15:1,18:1"
instagram,"0:1,1:1,2:1,3:1,4:1,5:1,6:1,7:1,8:1,9:1,10:1,11:1,12:1,13:1,14:1,15:1,16:1,17:1,18:1,19:1,20:1"
disciplines,16:1
core,17:4
teasers,11:2
dealing,8:2
cfd,6:2
requirements,"9:1,20:3"
nearing,8:2
cyber,9:1
hitachi,11:4
street,"0:1,1:1,2:1,3:1,4:1,5:1,6:1,7:1,8:1,9:1,10:1,11:1,12:1,13:1,14:1,15:1,16:1,17:1,18:1,19:1,20:1"
design,"5:3,6:2,9:1,12:12,17:2,19:1,20:4"
quebec,"0:3,1:5,2:3,3:3,4:3,5:3,6:3,7:3,8:3,9:3,10:3,11:3,12:3,13:3,14:3,15:3,16:3,17:4,18:5,19:3,20:3"
chen,6:8
assembly,5:1
friendships,0:1
click,"8:2,20:2"
machines,"5:1,12:4"
vatistas,"6:2,13:1,14:1"
what,"8:3,20:4"
defence,"16:1,19:1"
power,"3:1,4:1"
nano,"6:4,10:4"
pinterest,"0:1,1:1,2:1,3:1,4:1,5:1,6:1,7:1,8:1,9:1,10:1,11:1,12:1,13:1,14:1,15:1,16:1,17:1,18:1,19:1,20:1"
hosein,"1:1,19:2"
assistance,"8:2,10:1"
hazardous,10:1
abreast,18:1
current,"0:2,1:3,2:2,3:2,4:2,5:2,6:2,7:4,8:11,9:3,10:2,11:2,12:2,13:2,14:2,15:2,16:2,17:2,18:2,19:5,20:7"
health,10:2
exdate,"8:8,20:8"
template,20:1
conduct,"8:2,20:2"
supplier,"3:1,4:1"
new,"0:5,1:4,2:4,3:5,4:5,5:4,6:4,7:4,8:10,9:4,10:4,11:4,12:4,13:4,14:4,15:4,16:4,17:4,18:4,19:5,20:6"
construction,9:2
setter,"8:2,20:2"
connected,18:1
masoumeh,6:2
can,"5:1,8:3,10:1,15:1,20:1"
specialist,9:1
full,"0:1,20:1"
christian,6:4
mechanic,9:1
degree,"0:1,5:1,8:4,15:9,16:1,19:2"
exchange,0:1
learn,"5:2,11:50,12:36,16:1,17:2,18:1"
component,"8:4,20:4"
interested,9:2
drew,6:4
understanding,8:2
behaviour,5:1
modular,9:1
bachelor,"5:6,17:8"
kadem,"1:1,6:4,20:2"
them,19:1
address,"0:1,1:3,2:1,3:1,4:1,5:1,6:1,7:1,8:1,9:1,10:1,11:1,12:1,13:1,14:1,15:1,16:1,17:1,18:1,19:1,20:1"
active,"8:4,20:4"
path,11:2
november,"3:9,4:9"
graduates,"15:1,16:1,17:1"
change,"8:2,19:1,20:2"
every,10:1
great,0:1
ability,16:1
canadian,"13:1,14:1,15:1,17:1,18:2"
technical,"0:2,1:2,10:8,17:1,20:3"
involved,0:1
study,"0:4,1:4,2:4,3:4,4:4,5:6,6:4,7:4,8:4,9:4,10:4,11:4,12:4,13:4,14:4,15:4,16:4,17:4,18:4,19:4,20:4"
larger,1:2
trackingurl,11:2
experience,0:1
guide,20:4
accomplished,0:1
consists,17:2
social,"0:2,1:1,2:1,3:1,4:1,5:1,6:1,7:1,8:1,9:1,10:1,11:1,12:1,13:1,14:1,15:1,16:1,17:1,18:1,19:1,20:1"
useragent,"8:2,20:2"
devices,6:2
studies,"0:5,1:4,2:4,3:4,4:4,5:4,6:4,7:4,8:5,9:4,10:4,11:4,12:4,13:4,14:4,15:4,16:5,17:4,18:4,19:5,20:4"
options,"8:2,17:1"
montreal,"0:4,1:5,2:3,3:3,4:3,5:3,6:3,7:3,8:3,9:3,10:3,11:3,12:3,13:4,14:4,15:3,16:3,17:3,18:3,19:3,20:3"
named,"13:1,14:1"
useful,8:2
extra,0:1
search,"0:1,1:1,2:1,3:1,4:1,5:1,6:1,7:1,8:3,9:1,10:1,11:1,12:1,13:1,14:1,15:1,16:1,17:1,18:1,19:1,20:3"
transit,"3:1,4:1"
toutcstring,"8:2,20:2"
sgw,"0:2,1:2,2:2,3:2,4:2,5:2,6:2,7:2,8:2,9:2,10:2,11:2,12:2,13:2,14:2,15:2,16:2,17:2,18:2,19:2,20:2"
webmail,"0:3,1:3,2:3,3:3,4:3,5:3,6:3,7:3,8:3,9:3,10:3,11:3,12:3,13:3,14:3,15:3,16:3,17:3,18:3,19:3,20:3"
conflicts,20:3
qualified,16:1
href,"8:2,20:2"
trained,10:1
marker,9:1
apply,5:1
kind,17:1
orientation,8:2
standing,8:2
originality,"8:2,20:2"
use,"5:1,20:2"
from,"0:2,3:1,4:1,7:1,13:1,14:1,17:1,20:3"
certificate,"5:1,16:3,19:2"
fea,6:2
distinct,17:1
nabil,6:2
visit,"8:1,19:1"
two,"1:1,6:1,16:1,17:1"
next,"3:1,4:1"
call,"0:3,1:3,2:3,3:3,4:3,5:3,6:3,7:3,8:3,9:3,10:3,11:3,12:3,13:3,14:3,15:3,16:3,17:3,18:3,19:3,20:3"
iphone,"8:2,20:2"
https,"0:4,1:4,2:4,3:4,4:4,5:4,6:4,7:4,8:4,9:4,10:4,11:4,12:4,13:4,14:4,15:4,16:4,17:4,18:4,19:4,20:4"
vehicle,"5:1,12:4"
strike,"3:1,4:1"
candidates,16:1
type,"0:2,1:2,2:2,3:2,4:2,5:2,6:2,7:2,8:2,9:2,10:2,11:2,12:2,13:2,14:2,15:2,16:2,17:2,18:2,19:2,20:2"
theoretical,"0:2,16:2"
today,"3:2,4:1"
more,"0:6,1:4,2:4,3:9,4:9,5:6,6:4,7:4,8:7,9:5,10:4,11:54,12:40,13:4,14:4,15:5,16:6,17:6,18:5,19:4,20:4"
door,8:2
vps,10:1
on,"0:3,1:1,3:1,4:1,5:1,8:4,12:1,13:2,14:2,15:1,16:2,18:1,19:10,20:1"
composite,16:1
brings,18:1
curriculum,"1:1,20:2"
cashier,9:1
aware,10:1
admissions,"0:1,1:1,2:1,3:1,4:1,5:1,6:1,7:1,8:1,9:4,10:1,11:1,12:1,13:1,14:1,15:1,16:1,17:1,18:1,19:1,20:1"
phone,"8:2,10:3,20:2"
visual,"0:1,1:1,2:1,3:1,4:1,5:1,6:1,7:1,8:1,9:1,10:1,11:1,12:1,13:1,14:1,15:1,16:1,17:1,18:1,19:1,20:1"
appendix,9:1
ganesan,6:4
jpg,"8:2,10:2,16:2,17:2"
excellent,0:1
hole,5:1
flowcharts,20:1
women,"3:1,4:1,18:2"
requires,10:1
substring,"8:2,20:2"
none,"0:1,1:1,2:1,3:2,4:2,5:1,6:1,7:2,8:1,9:1,10:1,11:2,12:2,13:2,14:2,15:1,16:1,17:1,18:2,19:1,20:1"
plagiarism,"8:4,20:2"
join,"0:2,3:2,4:2,5:1,13:2,14:2,18:2,19:3"
room,"0:1,1:4,2:1,3:1,4:1,5:1,6:1,7:1,8:1,9:1,10:3,11:97,12:73,13:1,14:1,15:1,16:1,17:1,18:1,19:1,20:1"
metallurgy,11:4
this,"0:1,1:1,2:1,3:1,4:1,5:2,6:1,7:1,8:7,9:1,10:2,11:1,12:1,13:1,14:1,15:1,16:1,17:1,18:1,19:1,20:8"
science,"0:9,1:9,2:9,3:9,4:9,5:9,6:9,7:9,8:10,9:17,10:9,11:13,12:9,13:9,14:9,15:9,16:9,17:9,18:12,19:9,20:9"
challenge,"3:1,4:1"
work,"0:2,5:3,10:1,16:1"
cancellations,"0:4,1:4,2:4,3:4,4:4,5:4,6:4,7:4,8:4,9:4,10:4,11:4,12:4,13:4,14:4,15:4,16:4,17:4,18:4,19:4,20:4"
akif,6:2
carolers,4:1
cam,6:2
henry,"1:1,6:2"
following,"5:1,16:1,19:1"
strategies,8:2
dec,"3:2,4:1"
specialized,2:1
cad,6:2
control,"5:2,6:4,12:16,16:1"
dedicated,"0:2,1:1"
beng,17:2
links,"0:7,1:4,2:4,3:4,4:4,5:4,6:4,7:4,8:6,9:6,10:6,11:4,12:4,13:4,14:4,15:4,16:4,17:4,18:4,19:4,20:6"
december,"3:1,4:1,13:2,14:2"
share,"0:1,1:1,2:1,3:1,4:1,5:1,6:1,7:1,8:1,9:1,10:1,11:1,12:1,13:1,14:1,15:1,16:1,17:1,18:1,19:1,20:1"
topic,"6:4,16:1"
scheduling,20:2
getcookie,"8:4,20:4"
his,19:1
taking,20:2
tab,"8:14,20:14"
blvd,"0:2,1:3,2:2,3:2,4:2,5:2,6:2,7:2,8:2,9:2,10:2,11:2,12:2,13:2,14:2,15:2,16:2,17:2,18:2,19:2,20:2"
appointment,"9:2,13:1,14:1"
simulation,"6:2,12:4"
association,18:6
selectioncourse,"19:1,20:2"
guarantee,20:1
sir,"0:2,1:2,2:2,3:2,4:2,5:2,6:2,7:2,8:2,9:2,10:2,11:2,12:2,13:2,14:2,15:2,16:2,17:2,18:2,19:2,20:2"
malware,"3:1,4:1"
electives,20:1
end,8:2
eng,"1:2,5:4,16:2,18:1,19:10"
provide,"2:1,8:2,16:1"
verify,19:1
akgunduz,6:2
vehicular,11:4
csc,"13:1,14:1"
hoi,"6:6,19:2"
chemical,10:1
maps,"0:1,1:1,2:1,3:1,4:1,5:1,6:1,7:1,8:1,9:1,10:1,11:1,12:1,13:1,14:1,15:1,16:1,17:1,18:1,19:1,20:1"
venting,0:1
thermodynamics,12:4
front,10:2
csu,18:1
symposium,"3:1,4:1,13:1,14:1"
afp,11:4
css,20:2
elective,17:1
strongly,20:1
map,"0:4,1:6,2:4,3:4,4:4,5:4,6:4,7:4,8:4,9:4,10:4,11:4,12:4,13:4,14:4,15:4,16:4,17:4,18:4,19:4,20:4"
administrator,1:1
elizabeth,"3:1,4:1"
protection,9:1
binary,"3:1,4:1"
may,"13:1,14:1,19:1,20:4"
zimmerman,1:1
advice,"8:2,20:1"
after,19:1
different,5:1
lab,"0:1,1:1,2:2,3:1,4:1,5:1,6:1,7:1,8:1,9:2,10:14,11:13,12:10,13:1,14:1,15:1,16:1,17:1,18:1,19:1,20:1"
sustainability,"3:1,4:1"
designed,"0:1,16:1"
multiphase,11:4
faculty,"0:6,1:3,2:3,3:3,4:3,5:2,6:3,7:2,8:3,9:13,10:3,11:3,12:2,13:8,14:8,15:2,16:2,17:2,18:3,19:2,20:2"
tier,"3:1,4:1,9:2"
productivity,5:1
data,9:1
flexible,6:2
types,16:1
relationsfaculties,"0:4,1:4,2:4,3:4,4:4,5:4,6:4,7:4,8:4,9:4,10:4,11:4,12:4,13:4,14:4,15:4,16:4,17:4,18:4,19:4,20:4"
a,"0:6,1:5,2:2,3:5,4:6,5:9,6:7,7:1,8:12,9:4,10:7,11:2,12:2,13:1,14:1,15:2,16:7,17:4,18:4,19:7,20:20"
stress,6:2
no,20:1
physical,9:1
sectors,"0:1,5:1"
prerequisites,20:1
requisites,20:2
hoa,6:6
targetid,11:2
arrow,20:6
su,6:2
st,1:2
fundamentals,"5:1,16:1"
encompassing,10:1
green,"3:1,4:1,11:4"
block,20:2
writing,20:2
gerard,"1:1,6:2"
sc,"1:2,19:5"
definitions,8:2
rewards,18:1
software,9:4
words,19:1
microsystems,11:4
proposal,19:2
operations,"6:2,9:1"
networking,18:1
feedback,"0:2,1:2,2:2,3:2,4:2,5:2,6:2,7:2,8:2,9:2,10:2,11:2,12:2,13:2,14:2,15:2,16:2,17:2,18:2,19:2,20:2"
office,"8:2,9:2,10:1,19:2"
produces,19:1
september,"3:2,4:2"
over,"6:2,7:1,18:1"
ordre,"13:1,14:1,15:1,18:1"
choose,17:1
professors,0:2
course,"0:4,1:4,2:4,3:4,4:4,5:4,6:4,7:4,8:6,9:4,10:4,11:4,12:4,13:4,14:4,15:4,16:5,17:4,18:4,19:8,20:21"
thermal,11:4
already,20:1
through,0:1
thesis,"3:6,4:6,6:1,16:3,19:14"
suong,6:6
its,"0:1,16:1,17:1"
charlene,"1:1,19:2"
before,"9:1,19:1,20:2"
video,10:1
du,18:1
group,"0:1,11:8,13:1,14:1,18:1"
thumb,11:2
fit,5:1
how,"5:1,8:4,15:1,20:4"
chosen,16:1
procedures,10:2
expectations,"8:2,20:2"
accredited,"0:1,15:1,17:1"
enggames,18:1
forms,"0:1,8:3"
previously,20:1
window,"8:4,20:6"
parts,7:1
pugh,"0:2,1:1,6:4"
systems,"0:1,6:10,9:4,12:16,16:1,17:2"
listing,20:1
policy,10:1
mail,"10:2,18:2"
weeks,19:2
main,"8:2,10:2,11:6,16:3,17:2"
style,20:2
image,"8:4,10:4,16:2,17:2"
yi,6:2
then,0:1
non,"8:2,10:1,19:1"
good,20:1
return,"8:2,20:2"
spray,11:4
sedaghati,6:4
dan,"1:1,10:2"
safe,10:2
requisite,20:2
regarding,"10:1,20:1"
getelementbyid,"8:2,10:2,16:2,17:2"
electro,11:4
possible,20:1
they,"3:1,4:1,19:1"
hands,"5:1,12:1"
schools,"0:8,1:8,2:8,3:8,4:8,5:8,6:8,7:8,8:8,9:8,10:8,11:8,12:8,13:8,14:8,15:8,16:8,17:8,18:8,19:8,20:8"
nov,4:1
now,"0:1,8:1"
iemobile,"8:2,20:2"
discuss,10:1
developments,18:1
addclass,20:2
february,"3:2,4:2,13:2,14:2"
document,"0:6,1:6,2:6,3:6,4:6,5:6,6:6,7:6,8:18,9:6,10:8,11:6,12:6,13:6,14:6,15:6,16:8,17:8,18:6,19:6,20:18"
name,11:2
opera,"8:2,20:2"
january,"13:3,14:3"
university,"0:12,1:12,2:12,3:13,4:13,5:12,6:12,7:13,8:12,9:15,10:13,11:13,12:13,13:13,14:13,15:12,16:13,17:13,18:14,19:12,20:14"
drop,"8:2,19:1"
geotechnical,9:1
l,6:4
arlene,1:1
vibrations,"6:2,12:4"
hojjati,"6:2,20:2"
each,6:1
oiq,18:1
found,8:1
projectgraduate,"19:1,20:2"
lasting,0:1
sequences,20:6
waizuddin,6:2
en,"0:1,1:1,2:1,3:1,4:1,5:1,6:1,7:1,8:3,9:1,10:3,11:7,12:1,13:1,14:1,15:1,16:3,17:3,18:1,19:1,20:1"
financial,7:2
eh,10:2
accelerator,11:4
energy,"6:2,9:1"
reduce,0:1
principles,"5:1,10:1"
related,"0:2,9:2,10:2"
gun,11:4
society,"9:1,13:1,14:1,18:2"
myconcordia,"0:1,1:1,2:1,3:1,4:1,5:1,6:1,7:1,8:2,9:1,10:1,11:1,12:1,13:1,14:1,15:1,16:1,17:1,18:1,19:2,20:4"
laboratory,"0:1,9:1,10:3,11:60,12:24"
girl,"3:1,4:1"
ev,"0:4,1:3,2:1,3:1,4:1,5:1,6:1,7:1,8:1,9:1,10:1,11:101,12:1,13:1,14:1,15:1,16:1,17:1,18:1,19:1,20:1"
navigator,"8:2,20:2"
marius,"1:1,6:6"
canada,"0:3,1:5,2:3,3:4,4:4,5:3,6:3,7:4,8:3,9:5,10:3,11:3,12:3,13:3,14:3,15:3,16:3,17:3,18:5,19:3,20:3"
psychology,"3:1,4:1"
space,"0:1,11:4,18:3"
open,20:22
hyder,"13:1,14:1"
microscope,11:4
faqs,8:2
research,"0:6,1:4,2:5,3:4,4:4,5:3,6:16,7:3,8:3,9:5,10:3,11:19,12:3,13:3,14:3,15:3,16:5,17:3,18:3,19:5,20:6"
content,"0:1,1:1,2:1,3:1,4:1,5:1,6:1,7:1,8:9,9:1,10:9,11:19,12:1,13:1,14:1,15:1,16:9,17:9,18:1,19:1,20:1"
encourage,20:1
safety,"0:1,1:2,2:2,3:1,4:1,5:2,6:1,7:1,8:1,9:1,10:30,11:1,12:2,13:1,14:1,15:1,16:1,17:1,18:1,19:1,20:1"
electronics,"2:1,12:4"
evaluation,"3:1,4:1"
imagetitle,"8:2,10:2,16:2,17:2"
red,8:2
foundation,16:1
fiber,11:4
theory,"5:1,12:4,16:1"
eca,"18:1,20:2"
associate,"1:1,13:1,14:1"
getelementsbytagname,"0:2,1:2,2:2,3:2,4:2,5:2,6:2,7:2,8:4,9:2,10:4,11:2,12:2,13:2,14:2,15:2,16:4,17:4,18:2,19:2,20:2"
ipod,"8:2,20:2"
million,6:1
loyola,"0:2,1:2,2:2,3:2,4:2,5:2,6:2,7:2,8:2,9:2,10:2,11:2,12:2,13:2,14:2,15:2,16:2,17:2,18:2,19:2,20:2"
microfabrication,11:4
labs,"0:3,1:2,2:5,3:2,4:2,5:2,6:3,7:2,8:8,9:2,10:2,11:17,12:12,13:2,14:2,15:2,16:4,17:2,18:2,19:2,20:2"
cookie,"8:6,20:6"
hazard,10:2
members,"0:2,1:1,2:1,3:1,4:1,5:1,6:2,7:1,8:2,9:1,10:1,11:1,12:1,13:1,14:1,15:1,16:1,17:1,18:1,19:1,20:1"
advisor,"8:2,9:1,20:2"
ask,8:2
van,6:6
sensors,11:4
automation,16:1
sequencescapstone,"19:1,20:2"
algae,"3:1,4:1"
nserc,9:2
renovated,12:1
training,10:6
interaction,"0:1,9:1"
unescape,"8:2,20:2"
applications,"5:1,16:2"
concerns,20:1
could,"3:1,4:1"
script,"0:4,1:4,2:4,3:4,4:4,5:4,6:4,7:4,8:4,9:4,10:4,11:4,12:4,13:4,14:4,15:4,16:4,17:4,18:4,19:4,20:4"
keep,18:1
creates,0:1
conversation,"0:2,3:2,4:2,13:2,14:2,18:2,19:2"
length,"8:2,20:2"
machining,6:2
place,"0:1,20:1"
gordon,6:2
w,"0:3,1:3,2:3,3:3,4:3,5:3,6:3,7:3,8:3,9:3,10:3,11:3,12:3,13:3,14:3,15:3,16:3,17:3,18:3,19:3,20:3"
leading,17:1
first,"8:2,10:1,19:1,20:10"
key,"8:2,19:1"
major,"3:1,4:1"
industrial,"0:9,1:10,2:6,3:6,4:6,5:16,6:8,7:7,8:8,9:6,10:8,11:12,12:6,13:6,14:6,15:7,16:12,17:15,18:8,19:7,20:11"
feel,20:1
meet,10:1
number,10:1
yourself,3:1
staying,18:1
bhat,"6:2,13:1,14:1"
floors,0:1
deadlines,8:4
scrolltop,"8:4,20:4"
carry,16:1
message,0:2
quality,"3:1,4:1,5:1,9:1,16:1"
george,"0:2,1:2,2:2,3:2,4:2,5:2,6:2,7:2,8:2,9:2,10:2,11:2,12:2,13:2,14:2,15:2,16:2,17:2,18:2,19:2,20:2"
engineer,"0:1,1:1,5:1,15:1"
city,0:1
little,5:1
management,"5:1,9:1,10:1"
xie,6:2
service,"0:4,1:4,2:4,3:4,4:4,5:4,6:4,7:4,8:6,9:5,10:4,11:4,12:4,13:4,14:4,15:4,16:4,17:4,18:4,19:4,20:4"
privacy,"0:2,1:2,2:2,3:2,4:2,5:2,6:2,7:2,8:2,9:2,10:2,11:2,12:2,13:2,14:2,15:2,16:2,17:2,18:2,19:2,20:2"
sivakumar,"1:1,6:4,19:2"
top,"0:2,1:2,2:2,3:4,4:4,5:2,6:2,7:4,8:2,9:2,10:2,11:4,12:4,13:4,14:4,15:2,16:2,17:2,18:4,19:2,20:2"
concordiasae,18:1
slidetoggle,20:4
gpa,8:2
construct,5:1
blackberry,"8:2,20:2"
priority,10:1
their,"19:1,20:1"
master,"3:5,4:5,5:2,16:7"
listed,9:1
draft,20:1
john,"0:4,1:4,2:4,3:4,4:4,5:4,6:4,7:4,8:4,9:4,10:4,11:4,12:4,13:4,14:4,15:4,16:4,17:4,18:4,19:4,20:4"
structures,"6:2,11:4"
williams,"0:1,1:1,2:1,3:1,4:1,5:1,6:1,7:1,8:1,9:1,10:1,11:1,12:1,13:1,14:1,15:1,16:1,17:1,18:1,19:1,20:1"
gives,"0:1,5:1"
guidelines,10:3
option,"19:1,20:3"
big,9:1
that,"0:1,5:2,8:2,20:3"
completed,"10:1,19:1"
comprised,10:1
zanjani,6:2
immediate,8:2
discover,8:2
environmental,"0:1,10:2"
advisement,20:1
part,"0:1,9:4"
mems,11:4
consult,"10:1,19:1,20:1"
july,"13:1,14:1"
than,0:1
png,11:2
undefined,"8:4,20:4"
ipad,"8:2,20:2"
wide,"3:1,4:1,11:1"
ahmed,6:2
b,6:2
hebert,"3:1,4:1"
stm,"3:1,4:1"
require,8:2
database,"6:1,19:3"
board,"15:1,17:1"
project,"3:1,4:1,5:1,10:1,20:2"
poirier,1:1
future,0:1
attention,10:1
k,6:2
sophie,1:1
counselor,9:1
descriptions,"19:1,20:1"
and,"0:26,1:20,2:11,3:9,4:9,5:19,6:15,7:10,8:24,9:24,10:16,11:20,12:28,13:8,14:8,15:10,16:15,17:12,18:12,19:18,20:19"
mini,"8:2,11:4,20:2"
tenure,9:13
register,"8:2,19:3,20:3"
permitted,19:1
tabs,"8:4,20:4"
specialization,17:1
topics,0:1
kangkang,"3:1,4:1"
locations,11:4
sae,18:3
needs,20:1
buildings,9:1
download,"10:2,20:1"
mater,18:1
concordia,"0:20,1:19,2:18,3:22,4:22,5:20,6:18,7:21,8:30,9:19,10:23,11:29,12:19,13:21,14:21,15:18,16:20,17:21,18:33,19:18,20:22"
ergonomics,11:4
supervision,10:1
have,"0:5,1:1,5:1,7:1,10:1,19:1,20:5"
sas,8:2
null,"8:4,11:2,20:4"
dynamics,"6:4,11:4,12:8,16:1"
seminar,"3:1,19:1"
fakewaffle,"8:2,20:2"
abroad,7:1
date,"8:2,19:1,20:2"
spaceconcordia,18:1
ozhikandathil,10:4
narayanswamy,"1:1,6:4,19:2"
previouslyactive,"8:6,20:6"
mie,"0:7,1:5,2:5,3:7,4:7,5:5,6:5,7:5,8:11,9:9,10:9,11:5,12:5,13:5,14:5,15:5,16:9,17:7,18:5,19:7,20:5"
corrosives,10:1
brandon,6:2
adjunct,0:1
also,"0:2,5:1,10:1"
high,16:1
subjects,5:2
square,5:1
build,5:1
which,"5:1,16:2,18:1,20:1"
online,"8:2,19:1"
objective,16:1
so,20:1
tactile,11:4
becoming,9:2
sure,20:2
departmental,10:1
centre,"0:4,1:4,2:4,3:4,4:4,5:4,6:4,7:4,8:4,9:5,10:4,11:4,12:4,13:4,14:4,15:4,16:4,17:4,18:4,19:4,20:4"
track,9:13
edml,"12:4,17:2"
who,"3:1,4:1,5:1,9:1,10:2,16:1,20:1"
dial,10:2
anatomy,12:4
courtesy,5:1
experiences,0:1
plan,20:3
micro,"3:1,4:1,6:2"
services,"0:11,1:11,2:22,3:11,4:11,5:11,6:11,7:15,8:13,9:15,10:15,11:19,12:13,13:11,14:11,15:11,16:11,17:11,18:11,19:11,20:13"
information,"5:1,15:1,19:7,20:4"
bombardier,5:1
class,"0:8,1:8,2:8,3:8,4:8,5:8,6:8,7:8,8:12,9:8,10:8,11:8,12:8,13:8,14:8,15:8,16:8,17:10,18:8,19:9,20:11"
medraj,6:2
indu,20:2
laboratories,10:4
radioactive,10:1
anticipating,20:1
gaby,"3:1,4:1"
url,11:2
helpdesk,20:2
accreditation,"15:10,17:1"
alumni,"0:1,13:1,14:1,18:5"
order,"15:1,20:1"
ext,"1:2,10:2"
getter,"8:2,20:2"
mechatronics,"6:2,11:4,12:4,17:2"
mechanical,"0:9,1:10,2:7,3:6,4:6,5:18,6:10,7:7,8:10,9:6,10:8,11:12,12:10,13:6,14:6,15:7,16:14,17:17,18:7,19:7,20:11"
professional,"0:1,1:1,2:1,3:1,4:1,5:1,6:1,7:3,8:1,9:1,10:1,11:1,12:1,13:1,14:1,15:3,16:1,17:2,18:11,19:1,20:1"
oyekanmi,"3:1,4:1"
mailing,"0:1,1:3,2:1,3:1,4:1,5:1,6:1,7:1,8:1,9:1,10:1,11:1,12:1,13:1,14:1,15:1,16:1,17:1,18:1,19:1,20:1"
section,20:1
selection,"17:1,19:1,20:1"
gold,"3:1,4:1"
show,"8:6,20:6"
text,"0:2,1:2,2:2,3:2,4:2,5:2,6:2,7:2,8:2,9:2,10:2,11:2,12:2,13:2,14:2,15:2,16:2,17:2,18:2,19:2,20:2"
supported,"0:1,1:1,10:1"
jayan,10:4
least,"18:1,19:1"
bookings,1:3
planning,20:1
eap,3:1
stores,"0:4,1:4,2:4,3:4,4:4,5:4,6:4,7:4,8:4,9:4,10:4,11:4,12:4,13:4,14:4,15:4,16:4,17:4,18:4,19:4,20:4"
fine,"0:4,1:4,2:4,3:4,4:4,5:4,6:4,7:4,8:4,9:4,10:4,11:4,12:4,13:4,14:4,15:4,16:4,17:4,18:4,19:4,20:4"
find,"0:1,8:5,20:1"
staff,"0:4,1:4,2:1,3:1,4:1,5:1,6:1,7:1,8:1,9:3,10:4,11:1,12:1,13:1,14:1,15:1,16:1,17:1,18:1,19:1,20:1"
one,"8:1,10:1,16:1,17:2"
access,2:1
submit,19:1
regulations,"8:2,10:1,20:2"
knowledge,5:1
insertbefore,"0:2,1:2,2:2,3:2,4:2,5:2,6:2,7:2,8:2,9:2,10:2,11:2,12:2,13:2,14:2,15:2,16:2,17:2,18:2,19:2,20:2"
title,"10:1,11:2,19:1"
curricular,0:1
with,"5:2,6:1,8:4,9:1,10:1,17:1,19:1,20:1"
committee,"10:1,19:2"
dick,"6:6,19:2"
readmission,8:1
controls,11:4
should,20:3
failed,8:2
only,"17:1,19:4,20:1"
wood,6:4
tape,8:2
nadia,6:4
maisonneuve,"0:2,1:3,2:2,3:2,4:2,5:2,6:2,7:2,8:2,9:2,10:2,11:2,12:2,13:2,14:2,15:2,16:2,17:2,18:2,19:2,20:2"
mamoun,6:2
various,11:4
counsellor,9:1
paraschivoiu,"1:1,6:6"
regularly,10:1
do,"5:1,8:1,20:4"
moreau,6:4
mehdi,"6:2,20:2"
get,"0:1,8:2,19:1,20:1"
fellow,"13:1,14:1"
assistant,"1:2,9:6,20:4"
de,"0:2,1:3,2:2,3:2,4:2,5:2,6:2,7:2,8:2,9:2,10:2,11:2,12:2,13:2,14:2,15:2,16:2,17:2,18:2,19:2,20:2"
fluid,"6:4,11:8,16:1"
soon,20:1
ssl,"0:2,1:2,2:2,3:2,4:2,5:2,6:2,7:2,8:2,9:2,10:2,11:2,12:2,13:2,14:2,15:2,16:2,17:2,18:2,19:2,20:2"
closely,10:1
exchanges,0:1
report,20:5
honours,20:2
lasers,10:1
setdate,"8:2,20:2"
dr,"0:2,1:7,10:4"
sabrina,1:1
areas,"0:1,17:1"
produced,19:1
processes,"5:1,17:1"
sources,8:2
h,"9:1,12:72"
undergrad,8:1
adhere,20:1
default,11:8
jquery,"8:4,20:8"
fuel,11:4
including,"0:2,6:1,20:1"
grad,8:1
chevy,6:2
view,1:3
enclosure,10:2
scanning,11:4
gouw,"1:1,6:2"
official,20:3
art,"3:1,11:1"
questions,8:4
jafrin,"3:1,4:1"
testing,11:4
detection,"3:1,4:1"
analytics,"0:2,1:2,2:2,3:2,4:2,5:2,6:2,7:2,8:2,9:3,10:2,11:2,12:2,13:2,14:2,15:2,16:2,17:2,18:2,19:2,20:2"
see,"0:4,1:4,2:4,3:5,4:5,5:4,6:4,7:4,8:4,9:5,10:4,11:4,12:4,13:4,14:4,15:4,16:4,17:4,18:4,19:4,20:5"
computer,"0:5,1:5,2:5,3:5,4:5,5:5,6:5,7:5,8:6,9:12,10:5,11:5,12:9,13:5,14:5,15:5,16:5,17:5,18:8,19:5,20:5"
leslie,"1:1,19:2"
are,"0:2,3:1,4:1,5:1,8:1,9:2,10:2,11:1,15:2,16:1,17:2,18:1,19:1,20:4"
encs,"0:2,1:2,2:2,3:3,4:3,5:1,6:1,7:1,8:9,9:4,10:6,11:7,12:1,13:2,14:2,15:1,16:5,17:5,18:4,19:6,20:8"
terms,"0:2,1:2,2:2,3:2,4:2,5:4,6:2,7:2,8:2,9:2,10:2,11:2,12:2,13:2,14:2,15:2,16:2,17:2,18:2,19:2,20:2"
calendar,"0:12,1:12,2:12,3:12,4:12,5:12,6:12,7:12,8:14,9:12,10:13,11:12,12:12,13:12,14:12,15:12,16:12,17:12,18:12,19:12,20:15"
tolulope,"3:1,4:1"
responses,8:2
surfaces,"6:2,11:4"
combustion,11:4
schange,20:1
lack,20:2
fang,6:2
visiting,"8:2,19:1"
managing,10:1
propulsion,17:2
review,"9:1,20:5"
currently,7:1
please,"1:2,9:2,15:1,19:1,20:6"
courses,"17:1,19:1,20:8"
causeway,0:1
materials,"6:4,9:1,10:4,11:8,12:8,16:1"
libraries,"0:3,1:3,2:3,3:3,4:3,5:3,6:3,7:3,8:3,9:3,10:3,11:3,12:3,13:3,14:3,15:3,16:3,17:3,18:3,19:3,20:3"
state,"11:1,20:2"
un,20:1
identification,10:1
inquiries,10:2
between,0:2
without,18:2
assistants,7:2
flickr,"0:1,1:1,2:1,3:1,4:1,5:1,6:1,7:1,8:1,9:1,10:1,11:1,12:1,13:1,14:1,15:1,16:1,17:1,18:1,19:1,20:1"
thumbnail,11:2
available,"1:1,5:1,11:1,19:1"
basis,20:1
we,"0:2,1:1,7:2,10:1,20:2"
infrastructure,"9:1,10:1"
jobs,"0:1,9:1"
exam,"3:1,4:1,20:1"
vertical,0:1
missing,20:1
micromachining,11:4
interfaces,11:4
javascript,"0:2,1:2,2:2,3:2,4:2,5:2,6:2,7:2,8:2,9:2,10:2,11:2,12:2,13:2,14:2,15:2,16:2,17:2,18:2,19:2,20:2"
flow,11:4
encsconcordia,"0:1,3:1,4:1,13:1,14:1,18:1"
js,"0:2,1:2,2:2,3:2,4:2,5:2,6:2,7:2,8:2,9:2,10:2,11:2,12:2,13:2,14:2,15:2,16:2,17:2,18:2,19:2,20:2"
addition,20:1
job,"0:7,1:6,2:6,3:6,4:6,5:6,6:6,7:6,8:8,9:15,10:6,11:6,12:6,13:6,14:6,15:6,16:6,17:6,18:6,19:6,20:6"
rules,20:2
navigation,20:22
ghaly,6:6
news,"0:5,1:5,2:5,3:15,4:15,5:5,6:5,7:5,8:5,9:5,10:5,11:5,12:5,13:7,14:7,15:5,16:5,17:5,18:6,19:5,20:5"
esmail,6:2
come,"0:1,20:1"
improve,5:1
suggested,20:1
both,"0:2,5:1"
c,"0:1,1:1,2:1,3:2,4:2,5:1,6:1,7:2,8:1,9:1,10:1,11:2,12:2,13:2,14:2,15:1,16:1,17:1,18:2,19:1,20:23"
defense,"3:6,4:6"
reverse,"3:1,4:1"
mega,11:4
career,"5:1,8:2"
many,"0:3,5:1,8:2,18:2,20:2"
invited,"6:1,11:1"
vibration,11:4
wu,"3:1,4:1"
molson,"0:4,1:4,2:4,3:4,4:4,5:4,6:4,7:4,8:4,9:4,10:4,11:4,12:4,13:4,14:4,15:4,16:4,17:4,18:4,19:4,20:4"
pace,18:1
april,"13:1,14:1"
s,"0:10,1:10,2:10,3:10,4:10,5:11,6:10,7:10,8:12,9:11,10:12,11:10,12:10,13:10,14:10,15:10,16:16,17:10,18:10,19:10,20:10"
kudret,6:6
games,18:2
requests,8:2
com,"0:2,1:2,2:2,3:2,4:2,5:2,6:2,7:2,8:2,9:2,10:2,11:2,12:2,13:2,14:2,15:2,16:2,17:2,18:2,19:2,20:2"
rama,"6:2,13:1,14:1"
e,"8:2,10:2,18:2,20:3"
wald,"1:1,19:2"
affairs,"13:1,14:1"
english,17:1
co,"0:1,1:2,5:4,20:10"
composites,"3:1,4:1,6:2,11:8,13:1,14:1"
supply,"3:1,4:1"
reasons,20:1
ca,"0:3,1:4,2:3,3:3,4:3,5:3,6:3,7:3,8:3,9:3,10:4,11:3,12:3,13:3,14:3,15:3,16:3,17:3,18:11,19:3,20:3"
system,8:2
wuthrich,6:8
enrolment,9:1
offerings,20:1
csce,"13:1,14:1"
grants,6:1
learning,"5:1,12:1"
approval,19:1
supervisor,19:2
cq,"8:2,10:2,11:2,16:2,17:2"
throughout,"7:1,18:1"
undergraduate,"0:8,1:10,2:6,3:6,4:6,5:9,6:6,7:6,8:11,9:6,10:6,11:6,12:6,13:6,14:6,15:6,16:6,17:18,18:6,19:6,20:28"
conference,"1:3,13:1,14:1"
better,17:1
arts,"0:9,1:9,2:9,3:9,4:9,5:9,6:9,7:9,8:9,9:12,10:9,11:9,12:9,13:9,14:9,15:9,16:9,17:9,18:9,19:9,20:9"
mingyuan,6:6
start,20:2
engines,5:1
instrument,9:1
union,18:1
west,1:2
create,5:1
three,17:1
wahid,6:6
strategy,11:2
mathematics,5:1
workshop,2:1
maintenance,9:1
cardiovascular,11:4
degrees,"0:1,5:2,16:5"
ph,"1:2,19:5"
duties,10:1
biomedical,6:2
website,"0:2,1:2,2:2,3:2,4:2,5:2,6:2,7:2,8:2,9:2,10:2,11:2,12:2,13:2,14:2,15:2,16:2,17:2,18:2,19:3,20:2"
life,"0:2,1:2,2:2,3:2,4:2,5:2,6:2,7:11,8:2,9:2,10:2,11:2,12:2,13:2,14:2,15:2,16:2,17:2,18:4,19:2,20:2"
flight,"6:2,12:4"
received,20:1
chun,6:2
offered,"2:2,17:1,20:1"
aero,9:1
gas,12:4
dates,"0:4,1:4,2:4,3:4,4:4,5:4,6:4,7:4,8:8,9:4,10:4,11:4,12:4,13:4,14:4,15:4,16:4,17:4,18:4,19:4,20:7"
modelling,12:4
else,"8:2,20:4"
offers,"16:3,17:1"
educates,16:1
flowchart,20:4
an,"0:3,5:2,19:1"
multi,"3:1,4:1"
thuringer,1:1
since,19:1
demirli,6:6
these,20:1
googleplus,"0:1,1:1,2:1,3:1,4:1,5:1,6:1,7:1,8:1,9:1,10:1,11:1,12:1,13:1,14:1,15:1,16:1,17:1,18:1,19:1,20:1"
casi,18:3
as,"1:2,5:1,8:3,10:1,13:1,14:1,18:1,19:1,20:4"
value,"8:4,20:4"
will,"5:1,8:1,18:1,20:3"
institute,"5:2,18:3,20:2"
eic,"13:1,14:1"
optimization,"5:1,6:2"
residence,1:1
ramin,6:4
aid,10:1
dominic,1:1
scrollmem,"8:4,20:4"
transfering,10:2
robin,6:4
procedure,10:1
engineers,"3:1,4:1,5:2,15:2,17:1,18:5"
real,"0:1,5:1"
outlined,20:1
lunchtime,3:1
is,"0:2,1:1,5:1,9:1,10:1,16:3,17:2,18:1,19:2,20:8"
it,"0:4,1:4,2:5,3:4,4:4,5:6,6:4,7:4,8:4,9:4,10:4,11:4,12:5,13:4,14:4,15:4,16:4,17:5,18:4,19:5,20:9"
linkedin,"0:3,1:2,2:2,3:2,4:2,5:2,6:2,7:2,8:2,9:2,10:2,11:2,12:2,13:3,14:3,15:2,16:2,17:2,18:3,19:2,20:2"
ii,"9:1,12:4"
need,"8:1,19:1,20:1"
experts,5:1
reports,8:2
in,"0:8,1:1,3:2,4:2,5:13,6:1,8:1,9:19,10:4,16:14,17:4,18:2,20:8"
ready,"0:1,5:1,8:2,20:4"
engr,"19:1,20:4"
placement,11:4
if,"0:1,8:13,9:2,20:22"
parent,20:16
rifat,"3:1,4:1"
hong,"1:1,6:2"
any,"10:1,20:2"
develop,5:1
metrology,11:4
toggleclass,20:4
media,"0:4,1:4,2:4,3:4,4:4,5:4,6:4,7:4,8:4,9:4,10:4,11:4,12:4,13:4,14:4,15:4,16:4,17:4,18:4,19:4,20:4"
make,"0:1,20:2"
accolades,"3:1,4:1,13:6,14:6"
check,8:2
member,"9:1,18:1"
read,8:2
when,20:2
html,"0:1,1:1,2:1,3:1,4:2,5:1,6:1,7:1,8:1,9:1,10:1,11:3,12:1,13:1,14:2,15:1,16:1,17:1,18:1,19:1,20:1"
capstone,20:2
dam,"8:2,10:2,16:2,17:2"
shuttle,"0:4,1:4,2:4,3:4,4:4,5:4,6:4,7:4,8:4,9:4,10:4,11:4,12:4,13:4,14:4,15:4,16:4,17:4,18:4,19:4,20:4"
android,"8:2,20:2"
several,"0:1,6:1"
events,"0:5,1:5,2:5,3:14,4:14,5:5,6:5,7:5,8:5,9:5,10:8,11:5,12:5,13:6,14:6,15:5,16:5,17:5,18:6,19:5,20:5"
paula,6:4
independent,"8:2,16:1,19:1"
used,10:2
http,"0:3,1:3,2:3,3:3,4:3,5:3,6:3,7:3,8:3,9:3,10:3,11:3,12:3,13:3,14:3,15:3,16:3,17:3,18:3,19:3,20:3"
instrumentation,12:4
comprehensive,19:1
defy,"3:1,4:1"
assist,20:1
convocation,"8:2,19:1"
innerwidth,20:2
phd,"3:1,4:1,5:2,6:1,16:6,19:5"
director,"1:5,19:6,20:8"
ion,6:4
portal,"8:1,19:1,20:2"
subhash,"6:4,20:2"
student,"0:8,1:8,2:8,3:9,4:9,5:8,6:8,7:21,8:14,9:14,10:9,11:8,12:8,13:9,14:9,15:8,16:8,17:8,18:23,19:12,20:12"
footprint,0:1
youmin,6:2
knack,5:1
opportunity,"0:1,5:1,18:1"
eligible,"15:1,17:1"
cycle,20:1
relies,0:1
mech,20:2
finesse,5:1
modes,5:1
programs,"0:5,1:4,2:4,3:4,4:4,5:15,6:4,7:5,8:6,9:4,10:4,11:4,12:4,13:4,14:4,15:7,16:20,17:18,18:4,19:4,20:6"
i,"8:6,9:1,10:4,12:4,16:4,17:4,20:11"
approve,20:2
valued,18:1
well,"1:1,20:1"
analysis,"3:1,4:1,6:2,10:1,12:4"
resourcescampus,"0:4,1:4,2:4,3:4,4:4,5:4,6:4,7:4,8:4,9:4,10:4,11:4,12:4,13:4,14:4,15:4,16:4,17:4,18:4,19:4,20:4"
gsa,18:1
academic,"0:9,1:9,2:9,3:9,4:9,5:9,6:9,7:11,8:19,9:13,10:9,11:9,12:9,13:10,14:10,15:9,16:9,17:9,18:9,19:9,20:15"
theses,19:1
contact,"0:4,1:13,2:1,3:1,4:1,5:1,6:1,7:1,8:1,9:1,10:2,11:2,12:1,13:1,14:1,15:2,16:1,17:1,18:1,19:1,20:3"
juras,"1:1,10:3"
trains,16:1
become,"0:1,15:2,17:1"
position,9:13
the,"0:22,1:5,2:1,3:7,4:6,5:4,6:1,7:2,8:15,9:5,10:10,11:3,12:1,13:5,14:5,15:3,16:8,17:15,18:8,19:10,20:19"
chemistry,9:1
researchers,"6:6,11:2"
latest,"0:4,1:4,2:4,3:5,4:5,5:4,6:4,7:4,8:4,9:4,10:4,11:4,12:4,13:4,14:4,15:4,16:4,17:4,18:5,19:4,20:4"
load,20:1
bhuiyan,6:4
protocol,"0:2,1:2,2:2,3:2,4:2,5:2,6:2,7:2,8:2,9:2,10:2,11:2,12:2,13:2,14:2,15:2,16:2,17:2,18:2,19:2,20:2"
listening,3:1
tagnodes,"8:2,10:2,16:2,17:2"
rineau,1:1
obtain,"6:1,16:1"
valuable,"0:1,5:1"
product,6:2
not,"8:1,18:1,19:2"
webcalendar,1:1
rooms,"0:1,1:1,11:4"
human,"5:1,9:2,11:4,12:4"
positions,9:6
avionics,9:1
alternative,6:2
ng,"1:1,6:6,19:2"
based,16:2
discipline,16:1
note,"19:1,20:3"
doctoral,"3:1,4:1,6:1,11:1,16:1,19:2"
catalytic,11:4
advanced,"9:1,16:1"
equipment,"2:1,5:1,10:1"
indexof,"8:8,20:8"
characterization,11:4
help,8:3
wen,6:2
studentsmechanical,"19:1,20:2"
source,"3:1,4:1"
add,"8:2,19:1"
other,"8:2,16:1,17:1,20:3"
location,"0:3,1:5,2:3,3:3,4:3,5:3,6:3,7:3,8:7,9:3,10:3,11:3,12:3,13:3,14:3,15:3,16:3,17:3,18:3,19:3,20:7"
nav,"8:4,20:4"
has,"0:1,10:1"
administrative,"0:2,1:2,8:1"
remaining,20:2
surprised,"3:1,4:1,18:1"
take,20:1
associations,"0:1,1:1,2:1,3:1,4:1,5:1,6:1,7:3,8:1,9:1,10:1,11:1,12:1,13:1,14:1,15:1,16:1,17:1,18:13,19:1,20:3"
bio,"6:2,11:8"
march,"3:1,4:1,13:2,14:2"
reuse,"3:1,4:1"
emergency,10:3
exdays,"8:6,20:6"
offence,8:2
dropping,20:1
instructors,0:1
term,9:2
packirisamy,6:2
test,"8:2,20:4"
dagher,"3:1,4:1"
five,16:1
know,5:1
aerospace,"0:1,1:2,5:4,9:1,16:2,17:2,19:4"
schedules,"0:4,1:4,2:4,3:4,4:4,5:4,6:4,7:4,8:6,9:4,10:4,11:4,12:4,13:4,14:4,15:4,16:4,17:4,18:4,19:4,20:5"
world,"0:1,5:1,18:1"
unique,12:1
you,"0:2,5:1,8:8,9:2,15:1,18:3,20:10"
projects,8:2
adams,6:4
psychological,5:1
necessary,20:2
d,"0:2,1:2,6:4,18:1,19:5"
particle,10:2
loadteaser,11:2
manual,10:1
semester,"19:1,20:1"
specific,20:1
benefit,"3:1,4:1"
offices,0:1
cspace,"0:4,1:3,2:3,3:3,4:3,5:3,6:3,7:3,8:3,9:3,10:3,11:3,12:3,13:3,14:3,15:3,16:3,17:3,18:3,19:3,20:3"
martin,"0:2,1:1,6:4"
ivan,6:4
createelement,"0:2,1:2,2:2,3:2,4:2,5:2,6:2,7:2,8:2,9:2,10:2,11:2,12:2,13:2,14:2,15:2,16:2,17:2,18:2,19:2,20:2"
security,"0:4,1:4,2:4,3:4,4:4,5:4,6:4,7:4,8:4,9:5,10:6,11:4,12:4,13:4,14:4,15:4,16:4,17:4,18:4,19:4,20:4"
jsp,"8:2,10:2,16:2,17:2"
directories,"0:2,1:2,2:2,3:2,4:2,5:2,6:2,7:2,8:2,9:2,10:2,11:2,12:2,13:2,14:2,15:2,16:2,17:2,18:2,19:2,20:2"
www,"0:3,1:3,2:3,3:3,4:3,5:3,6:3,7:3,8:3,9:3,10:3,11:3,12:3,13:3,14:3,15:3,16:3,17:3,18:3,19:3,20:3"
google,"0:3,1:3,2:3,3:3,4:3,5:3,6:3,7:3,8:3,9:3,10:3,11:3,12:3,13:3,14:3,15:3,16:3,17:3,18:3,19:3,20:3"
dean,"13:1,14:1"
sequence,20:11
understand,17:1
twitter,"0:2,1:2,2:2,3:2,4:2,5:2,6:2,7:2,8:2,9:2,10:2,11:2,12:2,13:2,14:2,15:2,16:2,17:2,18:2,19:2,20:2"
conditional,8:2
some,8:2
back,"0:2,1:2,2:2,3:4,4:4,5:2,6:2,7:4,8:2,9:2,10:2,11:4,12:4,13:4,14:4,15:2,16:2,17:2,18:4,19:2,20:3"
parentnode,"0:2,1:2,2:2,3:2,4:2,5:2,6:2,7:2,8:2,9:2,10:2,11:2,12:2,13:2,14:2,15:2,16:2,17:2,18:2,19:2,20:2"
notices,"3:5,4:5,13:9,14:9"
prototyping,6:2
economic,5:1
escape,"8:2,20:2"
images,"8:2,10:2,16:2,17:2"
root,20:10
halifax,"13:1,14:1"
peter,"3:1,4:1"
recognition,"3:1,4:1"
alternates,5:1
signature,19:1
for,"0:7,1:1,3:2,4:3,5:3,8:9,9:2,10:8,11:1,13:1,14:1,15:1,16:4,17:2,18:1,19:7,20:8"
contacts,"1:3,19:2,20:2"
drenched,0:1
avoid,"8:2,20:1"
lean,6:2
fluids,"9:1,12:4"
per,20:1
csme,18:3
critical,20:1
connecting,3:1
cnc,6:2
innovation,5:2
steps,20:1
serviceswhat,"0:4,1:4,2:4,3:4,4:4,5:4,6:4,7:4,8:4,9:4,10:4,11:4,12:4,13:4,14:4,15:4,16:4,17:4,18:4,19:4,20:4"
peg,5:1
chains,"3:1,4:1"
booking,1:1
officer,"1:1,10:6"
be,"0:1,3:1,4:1,8:4,10:1,18:1,19:1,20:3"
expires,"8:2,20:2"
tomorrow,4:1
georgios,6:2
business,"0:4,1:4,2:4,3:4,4:4,5:4,6:4,7:4,8:4,9:4,10:4,11:4,12:4,13:4,14:4,15:4,16:4,17:4,18:4,19:4,20:4"
schedule,"8:4,19:1,20:5"
aits,"2:1,12:1"
stem,"3:1,4:1"
reduced,20:1
step,20:6
lounges,0:1
async,"0:2,1:2,2:2,3:2,4:2,5:2,6:2,7:2,8:2,9:2,10:2,11:2,12:2,13:2,14:2,15:2,16:2,17:2,18:2,19:2,20:2"
direction,8:2
post,"6:1,11:1"
manufacturing,"0:1,3:1,4:1,6:2,9:1,11:4,12:8,13:1,14:1,16:1,17:2"
stereotypes,"3:1,4:1"
by,"0:1,1:1,6:4,9:1,10:2,13:1,14:1,15:1,17:1,19:1"
secondary,20:22
chapter,"0:1,13:2,14:2,18:3"
src,"0:2,1:2,2:2,3:2,4:2,5:2,6:2,7:2,8:2,9:2,10:2,11:2,12:2,13:2,14:2,15:2,16:2,17:2,18:2,19:2,20:2"
about,"0:12,1:2,2:2,3:2,4:2,5:2,6:3,7:2,8:8,9:4,10:2,11:2,12:2,13:2,14:2,15:2,16:2,17:2,18:2,19:2,20:2"
working,9:1
of,"0:24,1:23,2:19,3:19,4:18,5:32,6:20,7:19,8:31,9:27,10:28,11:21,12:30,13:19,14:19,15:19,16:22,17:33,18:28,19:20,20:38"
dollars,6:1
imageasset,"8:2,10:2,16:2,17:2"
year,"6:1,20:2"
factors,"11:4,12:4"
recognized,"13:1,14:1"
page,"0:2,1:1,2:1,3:1,4:1,5:1,6:1,7:1,8:1,9:1,10:1,11:1,12:1,13:1,14:1,15:1,16:1,17:1,18:1,19:1,20:1"
practical,"0:1,5:1,16:1"
recommended,20:2
range,"0:1,8:2"
supervised,10:1
positive,18:1
birks,"0:4,1:4,2:4,3:4,4:4,5:4,6:4,7:4,8:4,9:4,10:4,11:4,12:4,13:4,14:4,15:4,16:4,17:4,18:4,19:4,20:4"
or,"0:2,5:1,8:1,9:1,10:1,16:1,19:1,20:6"
road,"3:1,4:1"
op,"0:1,1:2,5:4,20:10"
rheology,11:4
javad,6:2
consulting,0:1
computational,"6:2,16:1"
assignments,8:2
civil,"9:1,13:1,14:1"
communication,5:1
into,"5:1,10:2,20:1"
within,"9:1,16:1"
catherine,1:1
elasticity,9:1
lb,11:4
hasclass,20:10
right,0:1
accounts,9:2
bulgak,6:2
registration,"0:4,1:4,2:4,3:4,4:4,5:4,6:4,7:4,8:4,9:4,10:4,11:4,12:4,13:4,14:4,15:4,16:4,17:4,18:4,19:14,20:13"
contreras,6:4
your,"0:1,5:1,8:9,9:1,18:1,19:1,20:14"
imageevars,"8:2,10:2,16:2,17:2"
fast,20:4
span,"0:1,1:1,2:1,3:2,4:2,5:1,6:1,7:2,8:1,9:1,10:1,11:2,12:2,13:2,14:2,15:1,16:1,17:1,18:2,19:1,20:1"
log,1:1
her,19:1
transfer,"6:2,8:1,12:4"
support,"0:2,2:2,7:2,8:3,10:1,12:1,20:2"
there,"0:1,20:1"
question,10:1
long,0:1
khadim,"13:1,14:1"
mitigation,10:1
handbook,"19:2,20:3"
inner,0:1
suit,20:1
var,"0:6,1:6,2:6,3:6,4:6,5:6,6:6,7:6,8:30,9:6,10:14,11:6,12:6,13:6,14:6,15:6,16:14,17:14,18:6,19:6,20:22"
examination,19:1
consim,11:4
sections,20:1
happy,8:1
function,"0:2,1:2,2:2,3:2,4:2,5:2,6:2,7:2,8:14,9:2,10:4,11:4,12:2,13:2,14:2,15:2,16:4,17:4,18:2,19:2,20:14"
lyes,"1:1,6:4,20:2"
complete,20:1
form,"8:6,9:2,19:2,20:5"
offer,"0:1,12:1"
aircraft,5:1
bus,"0:4,1:4,2:4,3:4,4:4,5:4,6:4,7:4,8:4,9:4,10:4,11:4,12:4,13:4,14:4,15:4,16:4,17:4,18:4,19:4,20:4"
registered,"7:1,15:1,17:1,19:1"
campainname,11:2
but,20:1
summer,20:1
rajamohan,6:4
responsivetabs,"8:2,20:2"
heat,"6:2,12:4"
bookstore,"0:4,1:4,2:4,3:4,4:4,5:4,6:4,7:4,8:4,9:4,10:4,11:4,12:4,13:4,14:4,15:4,16:4,17:4,18:4,19:4,20:4"
staircases,0:1
gain,0:1
automated,"3:1,4:1,11:4,13:1,14:1"
technician,9:1
sun,0:1
line,"5:1,19:7"
true,"0:2,1:2,2:2,3:2,4:2,5:2,6:2,7:2,8:2,9:2,10:2,11:2,12:2,13:2,14:2,15:2,16:2,17:2,18:2,19:2,20:2"
borders,18:2
getdate,"8:2,20:2"
info,"18:1,20:1"
october,"3:2,4:2,13:2,14:2"
whether,5:1
wish,"16:1,20:1"
j,6:2
attached,8:2
engineerig,18:1
us,"0:6,1:7,2:4,3:4,4:4,5:4,6:4,7:5,8:4,9:4,10:4,11:5,12:4,13:4,14:4,15:4,16:4,17:4,18:4,19:4,20:4"
ecaconcordia,18:5
ul,"8:2,20:8"
below,20:1
prioritization,10:1
authorization,"8:2,19:1"
submitting,9:1
demonstrate,16:1
z,"0:1,1:1,2:1,3:1,4:1,5:1,6:1,7:1,8:1,9:1,10:1,11:1,12:1,13:1,14:1,15:1,16:1,17:1,18:1,19:1,20:1"
ua,"0:2,1:2,2:2,3:2,4:2,5:2,6:2,7:2,8:2,9:2,10:2,11:2,12:2,13:2,14:2,15:2,16:2,17:2,18:2,19:2,20:2"
display,"0:1,1:1,2:1,3:2,4:2,5:1,6:1,7:2,8:1,9:1,10:1,11:2,12:2,13:2,14:2,15:1,16:1,17:1,18:2,19:1,20:3"
mechanics,"6:4,11:4,12:4"
engine,"5:1,11:2"
required,10:2
hash,"8:20,20:20"
tesla,"3:1,4:1"
m,"1:5,3:4,4:4,5:4,16:2,19:15"
dargahi,6:2
am,20:2
accessibility,"0:2,1:2,2:2,3:2,4:2,5:2,6:2,7:2,8:2,9:2,10:2,11:2,12:2,13:2,14:2,15:2,16:2,17:2,18:2,19:2,20:2"
proven,0:1
general,"0:1,10:3,19:2"
coordinator,"1:2,9:2,19:3"
engineering,"0:18,1:15,2:11,3:13,4:13,5:34,6:19,7:12,8:14,9:31,10:12,11:15,12:19,13:13,14:13,15:13,16:21,17:29,18:19,19:13,20:19"
diverse,0:1
expertise,16:1
at,"0:3,1:2,2:2,3:2,4:2,5:2,6:2,7:4,8:3,9:3,10:2,11:2,12:2,13:2,14:2,15:2,16:2,17:3,18:5,19:3,20:3"
our,"0:8,1:1,2:1,5:1,6:2,7:1,8:1,10:2,11:2,12:1,15:2,16:2,17:2,18:2,20:3"
studentsundergraduate,"19:1,20:2"
ing,"1:1,13:1,14:1,15:1,18:1"
campus,"0:15,1:14,2:14,3:14,4:14,5:14,6:14,7:16,8:20,9:14,10:16,11:14,12:14,13:14,14:14,15:14,16:14,17:14,18:14,19:14,20:14"
inc,5:1
functions,"8:2,20:2"
codes,8:2
pre,20:4
jcr,"8:2,10:2,11:6,16:2,17:2"
variety,"2:1,11:1"
biochemistry,9:1
boot,"0:1,1:1,2:1,3:2,4:2,5:1,6:1,7:2,8:1,9:1,10:1,11:2,12:2,13:2,14:2,15:1,16:1,17:1,18:2,19:1,20:1"
webos,"8:2,20:2"
virtual,6:2
graduate,"0:12,1:15,2:10,3:10,4:10,5:14,6:11,7:10,8:21,9:10,10:10,11:10,12:10,13:10,14:10,15:10,16:24,17:10,18:13,19:33,20:10"
application,"8:2,9:3"
book,1:1
electrical,"0:1,9:1"
details,20:1
rolf,6:8
department,"0:17,1:12,2:6,3:6,4:6,5:6,6:6,7:6,8:6,9:9,10:8,11:6,12:6,13:6,14:6,15:6,16:9,17:8,18:6,19:6,20:6"
ciadi,"0:1,5:5,20:2"
emeriti,0:1
out,"8:4,16:1,20:6"
muthukumaran,6:2
contacting,20:1
stiharu,6:4
students,"0:6,1:3,2:3,3:3,4:3,5:5,6:4,7:6,8:19,9:2,10:5,11:3,12:2,13:2,14:2,15:2,16:4,17:3,18:2,19:19,20:20"
welcome,"0:1,7:1"
june,"13:3,14:3"
robots,5:1
setcookie,"8:4,20:4"
includes,20:1
william,"0:1,1:1,2:1,3:1,4:1,5:1,6:1,7:1,8:1,9:1,10:1,11:1,12:1,13:1,14:1,15:1,16:1,17:1,18:1,19:1,20:1"
important,"0:5,1:5,2:5,3:6,4:6,5:5,6:5,7:6,8:5,9:5,10:5,11:6,12:6,13:6,14:6,15:5,16:5,17:5,18:6,19:5,20:7"
allowing,17:1
maureen,1:1
explosions,5:1
network,"6:2,18:3"
building,"0:5,1:2,2:2,3:2,4:2,5:2,6:2,7:2,8:2,9:3,10:2,11:2,12:2,13:2,14:2,15:2,16:2,17:2,18:2,19:2,20:2"
iie,"13:1,14:1,18:4"
masc,"5:2,16:2,19:3"
lead,5:1
using,20:1
polymer,11:4
imagediv,"8:4,10:4,16:4,17:4"
blend,"0:1,5:1"
grading,8:4
youtube,"0:1,1:1,2:1,3:1,4:1,5:1,6:1,7:1,8:1,9:1,10:1,11:1,12:1,13:1,14:1,15:1,16:1,17:1,18:1,19:1,20:1"
imagelink,"8:2,10:2,16:2,17:2"
departments,"0:4,1:4,2:4,3:4,4:4,5:4,6:4,7:4,8:4,9:4,10:4,11:4,12:4,13:4,14:4,15:4,16:4,17:4,18:4,19:4,20:4"
rakheja,"6:4,20:2"
kuzgunkaya,"6:2,20:2"
depth,16:1
time,"0:2,9:4,20:1"
push,"0:4,1:4,2:4,3:4,4:4,5:4,6:4,7:4,8:4,9:4,10:4,11:4,12:4,13:4,14:4,15:4,16:4,17:4,18:4,19:4,20:4"
international,"3:1,4:1,13:1,14:1"
cpr,10:1
oral,"3:1,4:1"
once,20:1
