term,posting
limited,9:3
dynamic,"7:1,11:1"
colleges,"0:8,1:8,2:8,3:8,4:8,5:8,6:8,7:8,8:8,9:8,10:8,11:8,12:8,13:8,14:8,15:8,16:8,17:8,18:8,19:8,20:8,21:8,22:8,23:8,24:8"
four,"17:1,18:1,19:1,20:2"
facilities,"0:2,1:2,2:12,3:2,4:2,5:3,6:2,7:2,8:2,9:3,10:2,11:2,12:2,13:2,14:2,15:2,16:7,17:6,18:2,19:6,20:2,21:2,22:2,23:2,24:2"
consists,24:1
prognostics,8:1
relationships,0:1
whose,"16:1,24:1"
communauto,"12:1,13:1"
aug,"12:1,13:1"
marcos,"12:1,13:1"
originality,7:2
under,16:1
teaching,"9:4,16:1,17:1,19:1"
worth,"12:1,13:1"
mutair,"12:1,13:1"
mohammad,"5:2,8:2,12:1,13:1,23:2"
risk,"12:2,13:2"
poulin,"12:2,13:2"
georgia,"12:1,13:1"
bentahar,"5:2,8:3,10:1,12:1,13:1,15:1,23:3"
school,"0:8,1:8,2:8,3:8,4:8,5:8,6:8,7:8,8:8,9:8,10:8,11:8,12:9,13:9,14:8,15:8,16:8,17:8,18:8,19:8,20:8,21:8,22:8,23:8,24:8"
skills,"4:3,12:1,13:1,14:1,15:1,16:1,17:2,18:2,19:2,20:2"
enhance,0:1
markov,"3:1,11:1"
heading,1:2
force,"12:1,13:1"
sunbelt,"12:1,13:1"
second,"16:2,17:1,18:1,19:1,20:1"
street,"0:1,1:5,2:1,3:1,4:1,5:1,6:1,7:1,8:1,9:1,10:1,11:1,12:1,13:1,14:1,15:1,16:1,17:1,18:1,19:1,20:1,21:1,22:1,23:1,24:1"
anjali,"5:4,8:3,23:3"
chen,"12:1,13:1"
eligible,"14:1,21:1"
air,"1:3,12:1,13:1,24:1"
established,"0:2,16:1,17:1,19:1"
workflow,11:1
fayi,8:2
previouslyactive,"7:6,8:6"
kui,"12:1,13:1"
conduct,"0:1,22:1"
supplier,"3:3,6:1,7:1,11:1,12:1,13:1"
new,"0:4,1:4,2:4,3:6,4:4,5:4,6:4,7:6,8:6,9:4,10:4,11:4,12:8,13:8,14:4,15:4,16:4,17:4,18:4,19:4,20:4,21:4,22:5,23:4,24:4"
increasing,0:1
consisting,16:3
specialist,9:1
agreement,16:1
here,"12:2,13:2,17:1,18:1,19:1,20:1"
ryerson,"12:1,13:1"
pratt,"12:1,13:1"
protection,"4:1,8:1,9:1,12:3,13:3,23:1"
active,"7:4,8:4"
affiliated,"5:1,16:1,17:1,19:1"
obtained,"14:3,21:3"
balance,21:1
study,"0:4,1:4,2:4,3:4,4:5,5:4,6:4,7:9,8:4,9:4,10:4,11:4,12:6,13:6,14:4,15:5,16:12,17:9,18:9,19:9,20:9,21:4,22:4,23:4,24:4"
vulnerability,"8:1,23:1"
reports,7:2
credit,"12:1,13:1,16:7,17:4,18:1,19:5,20:6"
mentor,"17:1,19:1"
useragent,"7:2,8:2"
suitable,16:1
prints,"12:1,13:1"
secure,8:1
classification,"12:1,13:1"
mobility,"12:1,13:1"
highly,15:2
stern,"12:1,13:1"
auditing,"12:1,13:1"
dnd,"0:1,5:1"
hospital,"12:1,13:1"
ccpe,24:1
sebbah,8:2
coordinators,6:2
program,"0:2,1:2,4:7,6:4,7:3,8:3,10:9,14:5,15:4,16:21,17:15,18:11,19:18,20:14,21:6,23:3"
call,"0:3,1:3,2:3,3:3,4:3,5:3,6:3,7:3,8:3,9:3,10:3,11:3,12:5,13:5,14:3,15:3,16:3,17:3,18:3,19:3,20:3,21:3,22:3,23:3,24:3"
therefore,0:1
recommend,"14:1,21:1"
type,"0:2,1:2,2:2,3:2,4:2,5:2,6:2,7:2,8:2,9:2,10:2,11:2,12:2,13:2,14:2,15:2,16:2,17:2,18:2,19:2,20:2,21:2,22:2,23:2,24:2"
calculator,"14:1,16:1,17:1,18:1,19:1,20:1,21:1"
successful,16:1
brings,24:1
valcartier,22:2
award,"12:1,13:1"
phone,"8:1,10:5"
interaction,"8:1,9:1,23:1"
hold,"16:2,17:1,18:1,19:1,20:1"
striving,"12:1,13:1"
waterloo,"12:1,13:1"
kumar,"12:1,13:1"
sweitzer,"12:1,13:1"
join,"0:2,3:2,6:2,9:2,11:2,12:2,13:2,14:2,16:2,17:2,18:2,19:2,20:2,21:2,24:2"
room,"0:1,1:1,2:1,3:1,4:1,5:1,6:1,7:1,8:1,9:1,10:6,11:1,12:1,13:1,14:1,15:1,16:1,17:1,18:1,19:1,20:1,21:1,22:1,23:1,24:1"
mb,8:1
pursue,"14:2,16:2,17:2,18:2,19:2,20:2,21:2"
work,"4:1,14:1,15:4,16:7,17:5,18:2,19:6,20:2,21:2"
cancellations,"0:4,1:4,2:4,3:4,4:4,5:4,6:4,7:4,8:4,9:4,10:4,11:4,12:4,13:4,14:4,15:4,16:4,17:4,18:4,19:4,20:4,21:4,22:4,23:4,24:4"
mechanic,9:1
mr,"12:14,13:14"
basyouni,8:2
jamal,"5:2,8:2,10:1,12:1,13:1,15:1,23:2"
hansen,"12:1,13:1"
phane,8:1
lisimon,8:1
wang,"5:6,8:6,12:1,13:1,23:6"
programming,14:1
preserving,"12:5,13:5"
point,"14:1,21:1"
attribution,"12:1,13:1"
keep,24:1
attract,0:1
engr,"12:1,13:1,16:1,18:1,20:1"
end,"8:2,23:2"
hoc,"8:3,12:1,13:1,23:2"
eng,"0:1,1:1,2:1,3:1,4:5,5:1,6:1,7:1,8:1,9:1,10:1,11:1,12:6,13:6,14:1,15:1,16:1,17:1,18:2,19:1,20:1,21:1,22:9,23:1,24:1"
travel,1:2
roports,1:1
how,"1:2,12:3,13:3,14:2,15:3,16:2,17:2,18:2,19:2,20:2,21:2"
methodology,"8:1,23:1"
elizabeth,3:1
bretagne,"12:1,13:1"
after,"12:1,13:1,16:4,17:1,18:1,19:1,21:1"
geometic,"3:1,11:1"
parallel,"8:1,11:1"
amin,"5:2,8:3,23:3"
hebert,3:1
grant,22:7
complexity,"4:1,16:1"
maintain,0:1
green,"1:3,11:2,12:1,13:1"
correlation,"12:1,13:1"
order,"15:1,17:1,18:1,19:1,20:1"
operations,"8:1,9:1,12:1,13:1,16:1,17:1,19:1"
feedback,"0:2,1:2,2:2,3:2,4:2,5:2,6:2,7:2,8:2,9:2,10:2,11:2,12:2,13:2,14:2,15:2,16:2,17:2,18:2,19:2,20:2,21:2,22:2,23:2,24:2"
office,"9:2,10:3,15:3"
over,"0:2,5:1,12:1,13:1,22:1,24:1"
thesis,"3:11,6:2,7:4,11:12,16:7,17:9,19:8"
innovative,"0:1,5:1,8:1,23:1"
responsive,15:1
before,16:2
multidisciplinary,"16:1,17:1,19:1"
expectations,7:2
writing,"17:1,19:1"
production,"12:1,13:1"
hidden,"3:1,11:1"
versus,4:2
then,"0:1,1:1"
them,"0:1,14:1"
iowa,"12:1,13:1"
interdisciplinary,"0:5,5:1,16:1,17:1,19:1,22:1"
similar,0:1
chercheurs,22:1
wednesdays,6:1
they,16:3
schools,"0:8,1:8,2:8,3:8,4:8,5:8,6:8,7:8,8:8,9:8,10:8,11:8,12:8,13:8,14:8,15:8,16:8,17:8,18:8,19:8,20:8,21:8,22:8,23:8,24:8"
comprised,16:1
addclass,"12:2,13:2"
pervasive,"12:1,13:1"
dagher,3:1
classified,"16:1,17:1,19:1"
l,"1:2,8:1,12:4,13:4"
soumaya,"12:1,13:1"
affiliate,8:17
each,"4:1,14:1,16:1,17:3,18:1,19:2,20:1,21:1"
side,"12:2,13:2"
financial,"6:2,17:1"
dssouli,"5:2,8:3,10:1,23:3"
defences,"3:2,7:2"
laboratory,"2:12,9:1,16:4,17:3,19:3,22:1"
thermo,9:1
network,"0:1,1:1,2:1,3:1,4:5,5:3,6:1,7:1,8:5,9:1,10:1,11:2,12:5,13:5,14:3,15:1,16:3,17:3,18:3,19:3,20:3,21:18,22:2,23:3,24:4"
fellows,"0:1,16:1,17:1,19:1"
content,"0:1,1:1,2:1,3:1,4:17,5:1,6:1,7:1,8:1,9:1,10:1,11:1,12:9,13:9,14:1,15:2,16:1,17:1,18:1,19:1,20:1,21:1,22:33,23:1,24:1"
re,1:1
dsl,"12:1,13:1"
strategist,"12:2,13:2"
telecommunication,"2:4,4:1,5:2,21:1"
associate,"8:17,10:1,23:7"
getelementsbytagname,"0:2,1:2,2:2,3:2,4:6,5:2,6:2,7:2,8:2,9:2,10:2,11:2,12:2,13:2,14:2,15:2,16:2,17:2,18:2,19:2,20:2,21:2,22:10,23:2,24:2"
standard,"12:1,13:1,16:1"
tian,8:2
jutla,"12:1,13:1"
jeune,22:1
iss,7:4
iso,11:1
onto,1:1
ise,"4:5,16:1"
benchmarking,"12:1,13:1"
industrial,"4:1,12:1,13:1,14:1,15:2,16:2,17:2,18:2,19:3,20:4"
features,"12:1,13:1"
researcher,"4:1,17:1,18:1,19:1,20:1"
primary,24:1
channels,"12:1,13:1"
another,1:1
navigator,"7:2,8:2"
electronic,14:2
service,"0:5,1:6,2:9,3:5,4:8,5:5,6:5,7:5,8:6,9:6,10:5,11:5,12:9,13:9,14:7,15:5,16:8,17:8,18:6,19:8,20:7,21:20,22:5,23:6,24:5"
backdoor,"12:1,13:1"
top,"0:4,1:2,2:4,3:4,4:2,5:2,6:4,7:2,8:2,9:4,10:2,11:4,12:4,13:4,14:4,15:2,16:4,17:4,18:4,19:4,20:4,21:4,22:4,23:2,24:4"
bitcoin,"8:1,23:1"
multibase,"12:1,13:1"
master,"3:10,4:3,6:2,7:5,11:12,16:7,17:11,18:9,19:10,20:8"
listed,"18:1,21:1"
gilbert,"12:1,13:1"
john,"0:4,1:4,2:4,3:4,4:4,5:4,6:4,7:4,8:4,9:4,10:4,11:4,12:4,13:4,14:4,15:4,16:4,17:4,18:4,19:4,20:4,21:4,22:4,23:4,24:4"
urban,"8:1,23:1"
rewards,24:1
enhancing,2:4
tool,0:1
rejected,16:1
gerad,"12:1,13:1"
western,"12:1,13:1"
toronto,"12:1,13:1"
ahmed,"12:2,13:2"
roles,"4:1,16:1"
princeton,22:1
enabled,11:1
scenes,"12:1,13:1"
cite,24:1
seminars,"3:2,12:15,13:15"
classes,"18:1,20:1"
historical,"12:1,13:1"
enables,"4:1,21:1"
mini,"7:2,8:2"
xiangliang,"12:1,13:1"
modern,"0:1,12:1,13:1,16:1,17:1,19:1"
kangkang,3:1
rak,"12:1,13:1"
ming,"12:1,13:1"
concordia,"0:31,1:31,2:24,3:27,4:27,5:24,6:27,7:28,8:55,9:27,10:28,11:25,12:27,13:27,14:27,15:25,16:29,17:30,18:28,19:30,20:28,21:26,22:32,23:40,24:34"
advising,6:2
seminar,"3:3,7:2,12:29,13:29,16:2"
ray,"12:1,13:1"
serhani,8:1
responsible,"17:1,18:1,19:1,20:1"
materials,"9:1,10:2"
forces,8:1
machinery,"12:1,13:1"
cois,22:2
shall,"17:1,18:1,19:1,20:1,24:1"
victoria,"12:1,13:1"
metrics,"8:1,23:1"
regular,"15:1,17:1,18:1,19:1,20:1"
birks,"0:4,1:4,2:4,3:4,4:4,5:4,6:4,7:4,8:4,9:4,10:4,11:4,12:4,13:4,14:4,15:4,16:4,17:4,18:4,19:4,20:4,21:4,22:4,23:4,24:4"
entry,"16:1,17:1,18:1,19:1,20:1"
assessed,"14:1,16:2,21:1"
jean,"12:5,13:5"
alcatel,"12:2,13:2,22:5"
environmental,"12:1,13:1,14:1,16:1,17:1,19:2,20:2,21:1"
khattab,"12:1,13:1"
professor,"8:29,23:15"
m,"1:4,3:4,6:4,7:4,8:2,12:5,13:5,15:1,17:1,18:1,23:1"
memberships,"12:2,13:2"
tech,"12:1,13:1"
showmorebutton,"12:6,13:6"
enterprise,"12:2,13:2"
voting,"8:1,23:1"
mailing,"0:1,1:3,2:1,3:1,4:1,5:1,6:1,7:1,8:1,9:1,10:1,11:1,12:1,13:1,14:1,15:1,16:1,17:1,18:1,19:1,20:1,21:1,22:1,23:1,24:1"
advisory,"12:1,13:1"
signatures,"12:1,13:1"
queen,"12:1,13:1"
radio,"12:1,13:1"
solutions,"12:1,13:1"
participate,16:1
availability,"8:1,16:1"
carie,1:4
claude,"12:1,13:1"
substring,"7:2,8:2"
stephane,8:1
png,22:2
pursuing,"12:1,13:1"
integrate,15:1
adequate,16:1
meng,"0:2,1:2,2:2,3:2,4:6,5:2,6:2,7:2,8:2,9:2,10:2,11:2,12:2,13:2,14:13,15:2,16:13,17:13,18:18,19:13,20:25,21:5,22:2,23:2,24:2"
oct,"12:15,13:15,14:15,16:15,17:15,18:3,19:15,20:15,21:5"
sur,22:2
do,"12:1,13:1,14:1,17:1,19:1,21:1"
mixture,11:1
above,"17:1,18:2,19:1,20:1,21:1"
cryptography,"8:2,16:1,17:1,18:1,19:1,23:2"
lucent,"12:2,13:2,22:2"
de,"0:2,1:6,2:2,3:2,4:2,5:2,6:2,7:2,8:2,9:2,10:2,11:2,12:14,13:14,14:2,15:2,16:2,17:2,18:2,19:2,20:2,21:2,22:5,23:2,24:2"
stop,1:2
scalable,"12:1,13:1"
kadiri,"12:1,13:1"
du,"8:1,24:1"
dr,"3:2,10:4,11:3,12:43,13:43,15:1"
webcasting,"12:4,13:4"
boismenu,8:2
pourzandi,8:1
emt,8:1
bad,"12:1,13:1"
architecture,"12:2,13:2"
release,"12:1,13:1"
automatic,"8:1,12:2,13:2,23:1"
require,"14:1,21:1"
ethical,4:1
iqbal,"12:1,13:1"
testing,"8:1,16:1,23:1"
standpoints,"4:1,16:1"
detection,"3:3,6:1,7:1,8:1,11:1,12:1,13:1,23:1"
analytics,"0:2,1:2,2:2,3:2,4:2,5:2,6:2,7:2,8:2,9:3,10:2,11:2,12:2,13:2,14:2,15:2,16:2,17:2,18:2,19:2,20:2,21:2,22:2,23:2,24:2"
htmllist,"12:6,13:6"
result,16:1
fail,"12:1,13:1,16:1"
best,"4:1,12:1,13:1,17:1,18:1,19:1,20:1"
techniques,"12:2,13:2"
babak,"12:1,13:1"
capacity,"2:4,16:1"
fqrnt,22:2
artificial,"8:1,16:1,17:1,19:1,23:1"
future,"4:1,12:1,13:1,16:1"
finger,"12:2,13:2"
conceptual,"12:1,13:1"
approach,"12:3,13:3"
discovery,22:1
terms,"0:2,1:2,2:2,3:2,4:2,5:2,6:2,7:2,8:2,9:2,10:2,11:2,12:2,13:2,14:2,15:4,16:5,17:8,18:5,19:8,20:5,21:2,22:2,23:2,24:2"
nature,22:2
encsconcordia,"0:1,3:1,6:1,11:1,12:1,13:1,14:1,16:1,17:1,18:1,19:1,20:1,21:1,24:1"
wu,"3:1,12:1,13:1"
rima,10:3
extent,0:1
news,"0:6,1:5,2:5,3:15,4:5,5:5,6:5,7:5,8:5,9:5,10:5,11:8,12:15,13:15,14:5,15:5,16:5,17:5,18:5,19:5,20:5,21:5,22:5,23:5,24:6"
linkage,"12:1,13:1"
sahraoui,"12:2,13:2"
received,"0:1,5:1,12:1,13:1,22:1"
essentially,"12:1,13:1"
cot,8:1
vedat,"12:1,13:1"
vibration,"12:1,13:1"
heating,24:1
participating,15:1
games,"3:1,8:1,12:1,13:1,14:2,23:1"
wentao,"12:1,13:1"
requests,7:2
com,"0:2,1:2,2:2,3:2,4:2,5:2,6:2,7:2,8:3,9:2,10:2,11:2,12:6,13:6,14:2,15:2,16:2,17:2,18:2,19:2,20:2,21:2,22:2,23:2,24:2"
asked,"7:1,17:1,18:1,19:1,20:1"
scientifique,"12:1,13:1"
written,16:3
trust,"12:1,13:1"
telecommunications,"2:4,16:1,17:1,19:1,21:1"
basis,16:7
union,"12:1,13:1,24:1"
khaled,"8:1,12:2,13:2"
three,"2:1,5:1,16:2,17:3,18:1,19:4,20:1"
been,"0:1,16:2"
milieu,"17:1,18:1,19:1,20:1"
basic,14:1
expected,16:1
duties,10:2
website,"0:2,1:3,2:2,3:2,4:2,5:2,6:2,7:2,8:2,9:2,10:2,11:2,12:2,13:2,14:2,15:2,16:2,17:2,18:2,19:2,20:2,21:2,22:2,23:2,24:2"
life,"0:2,1:2,2:2,3:2,4:2,5:2,6:11,7:2,8:2,9:2,10:2,11:2,12:2,13:2,14:2,15:2,16:2,17:3,18:3,19:2,20:2,21:2,22:2,23:2,24:4"
chun,"5:4,8:3,23:3"
worker,15:1
abdessamad,"5:2,8:2,23:2"
rospatiale,22:1
convergence,3:1
dave,"12:1,13:1"
lionel,1:1
applied,"4:1,17:6,18:1,19:5,20:1"
has,"0:2,5:2,6:1,14:2,16:3,17:3,18:1,19:3,20:1,22:1,24:1"
googleplus,"0:1,1:1,2:1,3:1,4:1,5:1,6:1,7:1,8:1,9:1,10:1,11:1,12:1,13:1,14:1,15:1,16:1,17:1,18:1,19:1,20:1,21:1,22:1,23:1,24:1"
economies,"8:1,23:1"
n,"1:1,3:1,11:1,14:6,16:6,17:6,19:6,20:6,21:4"
aim,"4:1,16:1,17:1,18:1"
near,1:1
property,"17:1,19:1"
is,"0:3,1:8,2:1,4:2,5:1,12:2,13:2,14:1,15:4,16:11,17:8,18:7,19:9,20:8,21:2,24:4"
it,"0:5,1:4,2:5,3:4,4:6,5:4,6:4,7:4,8:5,9:4,10:4,11:4,12:6,13:6,14:4,15:4,16:7,17:5,18:4,19:5,20:4,21:4,22:4,23:5,24:4"
ii,"9:1,16:1"
experts,8:1
in,"0:7,1:6,2:4,3:4,4:17,5:1,6:3,7:4,8:5,9:18,11:7,12:20,13:20,14:10,15:12,16:34,17:34,18:20,19:35,20:25,21:11,22:1,23:4,24:3"
trusted,"8:1,23:1"
if,"1:5,7:12,8:12,12:4,13:4,16:1"
cumulative,"14:1,21:1"
complex,"4:1,8:1,12:1,13:1,16:1,23:1"
evaluate,15:1
several,0:1
european,"12:1,13:1"
independent,"16:1,17:1,19:1"
rail,1:1
fridays,6:1
portal,7:1
kim,10:3
opportunity,24:1
intrusion,"8:1,12:1,13:1,23:1"
programs,"0:3,1:2,2:2,3:2,4:20,5:2,6:2,7:2,8:2,9:2,10:4,11:2,12:2,13:2,14:4,15:4,16:6,17:5,18:6,19:5,20:5,21:5,22:2,23:2,24:2"
failing,16:1
academic,"0:8,1:8,2:8,3:8,4:12,5:8,6:8,7:11,8:8,9:12,10:8,11:8,12:8,13:8,14:8,15:12,16:11,17:13,18:12,19:11,20:11,21:8,22:8,23:8,24:8"
practices,"4:1,11:1,12:1,13:1,17:1,18:1,19:1,20:1"
the,"0:24,1:37,2:5,3:5,4:18,5:2,6:4,7:3,8:2,9:5,10:5,11:5,12:32,13:32,14:19,15:17,16:82,17:68,18:41,19:69,20:39,21:20,22:1,23:1,24:18"
oyekanmi,3:1
frayret,"12:1,13:1"
protocol,"0:2,1:2,2:2,3:2,4:2,5:2,6:2,7:2,8:2,9:2,10:2,11:2,12:2,13:2,14:2,15:2,16:2,17:2,18:3,19:2,20:2,21:4,22:2,23:2,24:2"
just,1:1
edmonton,8:1
consortium,22:1
fighters,3:1
human,"4:1,9:1,16:1"
mohamed,"12:1,13:1"
previous,16:1
visualization,"12:2,13:2"
remedial,"14:1,21:1"
candidate,"12:1,13:1,16:4,17:1,18:1,19:1,20:1"
sciences,"12:1,13:1,22:3"
royal,"12:1,13:1"
advancement,24:1
animation,14:2
technological,"7:1,11:1"
east,1:2
reuse,"3:3,6:1,7:1,11:1"
survival,"12:1,13:1"
scientometrics,"8:1,23:1"
fusion,8:1
background,"17:1,18:1,19:1,20:1"
supervisory,16:6
authorship,"8:1,12:1,13:1"
designers,2:4
advanced,"9:1,14:3,20:1,21:2"
cognitive,"8:1,12:1,13:1,23:1"
specific,"14:1,16:1,21:1"
designing,"3:1,4:2,12:3,13:3,16:1,17:1,18:1,19:1,20:1"
rakesh,"12:1,13:1"
polytechnique,"12:3,13:3"
hung,"12:1,13:1"
createelement,"0:2,1:2,2:2,3:2,4:2,5:2,6:2,7:2,8:2,9:2,10:2,11:2,12:2,13:2,14:2,15:2,16:2,17:2,18:2,19:2,20:2,21:2,22:2,23:2,24:2"
security,"0:7,1:6,2:14,3:6,4:16,5:8,6:6,7:7,8:23,9:7,10:6,11:6,12:20,13:20,14:9,15:7,16:13,17:33,18:29,19:13,20:9,21:9,22:6,23:19,24:6"
www,"0:3,1:3,2:3,3:3,4:3,5:3,6:3,7:3,8:3,9:3,10:3,11:3,12:3,13:3,14:3,15:3,16:3,17:3,18:3,19:3,20:3,21:3,22:5,23:3,24:3"
right,1:1
dean,"3:1,12:1,13:1,16:1"
hierarchy,"12:2,13:2"
successfully,"16:1,17:1,18:1,19:1,20:1"
jennifer,"12:1,13:1"
escape,"7:2,8:2"
total,"18:1,19:1,20:3"
for,"0:9,1:13,2:9,3:13,4:11,5:5,6:6,7:12,8:13,9:6,10:7,11:11,12:43,13:43,14:18,15:10,16:29,17:30,18:20,19:30,20:21,21:11,22:13,23:10,24:8"
grading,7:2
creative,"8:1,23:1"
espionage,4:1
core,"0:1,1:1,12:1,13:1,14:1,16:1,17:1,18:1,19:1,20:1,21:2"
who,"1:1,14:2,16:1,17:1,18:1,19:1,21:3"
algorithmic,"8:1,23:1"
graduates,"15:1,21:1"
manufacturing,"0:1,9:1"
permitted,"14:1,16:1,21:1"
chapter,"3:1,6:1,12:2,13:2,24:4"
cordeau,"12:1,13:1"
imageasset,"4:4,22:8"
ensure,15:2
adel,8:1
eight,"17:1,18:1,19:1,20:1"
permission,"14:1,16:1,21:1"
sept,"12:11,13:11"
automatically,"12:1,13:1"
tropolitaine,"1:1,12:1,13:1"
consulting,15:1
civil,"9:1,14:1,16:1,17:1,19:2,20:2,24:2"
intellectual,"17:1,19:1"
rendering,14:1
raises,4:1
laval,"12:4,13:4"
bombardier,"12:1,13:1"
compression,"12:2,13:2"
support,"2:1,6:2,10:2,16:1,17:2,19:1,22:1"
initial,"17:1,18:1,19:1,20:1"
farkhund,"12:1,13:1"
why,"12:1,13:1,14:2,15:2,16:2,17:2,18:2,19:2,20:2,21:2"
clinical,"12:1,13:1"
way,"1:1,12:1,13:1"
tele,"16:1,17:1,19:1"
was,0:1
calm,"12:1,13:1"
form,7:10
getcookie,"7:4,8:4"
lussier,"12:1,13:1"
back,"0:4,1:2,2:4,3:4,4:2,5:2,6:4,7:2,8:2,9:4,10:2,11:4,12:4,13:4,14:4,15:2,16:4,17:4,18:4,19:4,20:4,21:4,22:4,23:2,24:4"
wireless,"8:3,23:3"
taken,"16:2,17:1,18:1,19:1,20:1"
true,"0:2,1:2,2:2,3:2,4:2,5:2,6:2,7:2,8:2,9:2,10:2,11:2,12:2,13:2,14:2,15:2,16:2,17:2,18:2,19:2,20:2,21:2,22:2,23:2,24:2"
watermarking,8:1
congratulations,"12:1,13:1"
assessment,"12:3,13:3"
attached,7:2
maximum,"19:1,20:1"
devices,8:1
stages,7:1
trim,"12:4,13:4"
computing,"2:1,5:1,8:8,12:2,13:2,23:2"
groulx,1:1
zeng,"5:4,8:3,23:3"
expertise,"4:2,17:1,18:1,19:1,20:1,21:1"
ericsson,22:1
physical,9:1
no,"8:1,12:1,13:1"
gomrokchi,"12:1,13:1"
alerts,"12:1,13:1"
when,16:1
webos,"7:2,8:2"
reality,"8:1,16:1,17:1,19:1,23:1"
role,"12:1,13:1"
digital,"0:1,4:2,8:1,12:2,13:2"
test,"7:2,8:2"
autonomic,"12:1,13:1"
models,11:1
diagnostics,"12:1,13:1"
intent,"16:1,19:1,20:1"
jones,"12:1,13:1"
prabir,8:2
happening,6:1
normally,"15:1,16:6"
proposed,"17:3,19:3"
fsm,"8:1,23:1"
together,"17:1,19:1,24:1"
warm,24:1
reception,1:1
time,"8:10,16:19,17:8,18:8,19:8,20:8,24:2"
push,"0:4,1:4,2:4,3:4,4:4,5:4,6:4,7:4,8:4,9:4,10:4,11:4,12:4,13:4,14:4,15:4,16:4,17:4,18:4,19:4,20:4,21:4,22:4,23:4,24:4"
serious,"12:1,13:1"
managed,"17:1,19:1"
chain,"4:1,8:3,11:2,12:4,13:4,16:1,17:1,19:2,20:2,23:3"
global,"3:3,4:1,6:1,7:1,11:1"
focus,0:1
leads,16:1
manager,"12:1,13:1"
computation,"8:1,23:1"
chair,"8:1,9:2,12:1,13:1,23:1"
microblogging,"12:1,13:1"
hums,"12:1,13:1"
environment,24:1
promoting,"12:1,13:1"
elliptic,"12:1,13:1"
must,"14:4,15:1,16:12,17:8,18:5,19:9,20:5,21:4"
zhang,"12:1,13:1"
choice,"12:1,13:1"
anonymous,"8:1,23:1"
cook,"12:1,13:1"
exact,"12:1,13:1"
level,"15:1,16:2,17:1,18:1,19:2,20:1"
culminating,"17:1,19:1"
standards,"3:2,12:3,13:3"
discrete,"3:1,11:1"
excellence,"0:1,12:2,13:2,16:1,17:1,19:1"
subway,1:6
team,"12:1,13:1,22:1"
ciise,"0:11,1:10,2:6,3:9,4:10,5:8,6:10,7:7,8:14,9:7,10:11,11:5,12:15,13:15,14:6,15:7,16:8,17:8,18:6,19:8,20:6,21:5,22:14,23:7,24:5"
guy,1:3
ecsga,24:4
pmp,"12:1,13:1"
prediction,"12:1,13:1"
cyber,"3:1,8:1,9:1,16:1,17:1,19:1,23:1"
nantechnology,11:1
cost,"8:1,12:1,13:1,23:1,24:1"
multicasting,"12:1,13:1"
synthesis,16:1
abdullah,"12:1,13:1"
current,"0:1,1:1,2:1,3:1,4:2,5:1,6:3,7:9,8:1,9:1,10:1,11:1,12:2,13:2,14:1,15:1,16:2,17:1,18:1,19:1,20:1,21:1,22:1,23:1,24:1"
international,"0:1,4:1,12:3,13:3,16:1,17:1,19:1,24:3"
setter,"7:2,8:2"
xml,"12:1,13:1"
transportation,"1:1,8:1,23:1,24:1"
install,"12:1,13:1"
denoising,"12:1,13:1"
understanding,"4:1,12:2,13:2,16:1"
address,"0:1,1:3,2:1,3:1,4:2,5:1,6:1,7:1,8:1,9:1,10:1,11:1,12:1,13:1,14:1,15:1,16:2,17:1,18:1,19:1,20:1,21:1,22:1,23:1,24:1"
box,"12:1,13:1"
canadian,"7:1,11:2,12:1,13:1,24:4"
institute,"0:18,1:7,2:6,3:6,4:6,5:7,6:7,7:6,8:8,9:7,10:7,11:6,12:14,13:14,14:9,15:10,16:8,17:13,18:9,19:12,20:9,21:9,22:6,23:6,24:7"
throughput,"12:1,13:1"
domains,"7:1,11:1"
studies,"0:5,1:4,2:4,3:4,4:4,5:4,6:4,7:4,8:4,9:4,10:4,11:4,12:4,13:4,14:4,15:6,16:10,17:8,18:6,19:8,20:6,21:4,22:4,23:4,24:4"
montreal,"0:3,1:8,2:3,3:3,4:3,5:3,6:3,7:3,8:3,9:3,10:3,11:3,12:8,13:8,14:4,15:3,16:3,17:3,18:3,19:3,20:3,21:3,22:6,23:3,24:4"
useful,7:2
perspectives,"12:1,13:1"
logical,0:1
licensing,4:1
prompt,"0:1,5:1"
should,"16:2,17:1"
jan,"12:8,13:8"
working,9:1
entities,"12:1,13:1"
positive,24:1
visit,"1:1,6:2,7:3,14:1,15:1,16:2,17:3,18:3,19:3,20:3,21:1"
by,"1:10,2:1,5:3,12:2,13:2,15:1,16:9,17:8,19:5,21:1"
scenarios,"8:1,23:1"
iphone,"7:2,8:2"
https,"0:4,1:4,2:4,3:4,4:4,5:4,6:4,7:4,8:5,9:4,10:4,11:4,12:4,13:4,14:4,15:4,16:4,17:4,18:4,19:4,20:4,21:4,22:4,23:5,24:4"
australian,"12:1,13:1"
today,3:1
entrance,1:1
sharing,"12:2,13:2"
nadia,"12:1,13:1"
curriculum,"14:2,15:1,16:2,17:4,18:3,19:4,20:3"
cashier,9:1
downtown,1:4
visual,"0:1,1:1,2:1,3:1,4:1,5:1,6:1,7:1,8:1,9:1,10:1,11:1,12:2,13:2,14:1,15:1,16:1,17:1,18:1,19:1,20:1,21:1,22:1,23:1,24:1"
mansfield,1:2
cases,"17:2,18:1,19:1,20:1"
capturing,"12:1,13:1"
insights,"12:1,13:1"
organizations,15:1
valued,24:1
ibm,"12:1,13:1"
car,"1:2,12:2,13:2"
cao,"12:1,13:1"
can,"7:1,12:1,13:1,15:5,17:1,19:1,21:1"
growing,14:1
making,"8:1,12:1,13:1,23:1"
cisa,24:4
dedicated,"17:1,19:1,24:1"
months,16:3
december,"3:3,6:1,7:1,11:1"
agent,"8:5,11:1,12:1,13:1,23:5"
sample,"7:4,18:2,20:2"
council,"12:1,13:1,22:3,24:1"
optiques,8:1
monitoring,"8:1,12:1,13:1"
winter,"14:1,16:1,17:2,18:1,19:2,20:1,21:1"
write,"12:1,13:1,16:1"
magisteriate,"17:1,18:1,19:1,20:1"
economy,"11:1,15:1"
map,"0:4,1:6,2:4,3:4,4:4,5:4,6:4,7:4,8:4,9:4,10:4,11:4,12:4,13:4,14:4,15:4,16:4,17:4,18:4,19:4,20:4,21:4,22:4,23:4,24:4"
product,"12:4,13:4,16:1,17:1,19:1"
mar,"12:15,13:15"
may,"1:3,3:1,12:7,13:7,14:2,15:1,16:7,17:6,18:6,19:6,20:5,21:4"
heartbleed,3:1
applications,"0:2,5:1,8:1,11:1,12:3,13:3,17:1,18:2,19:1,20:1,21:1,23:1"
membership,24:1
designed,14:1
date,"7:2,8:2,12:1,13:1"
such,"4:2,16:2,17:2,18:2,19:2,20:2"
data,"0:1,3:1,8:7,9:1,11:1,12:12,13:12,16:1,17:1,19:1,23:3"
relationsfaculties,"0:4,1:4,2:4,3:4,4:4,5:4,6:4,7:4,8:4,9:4,10:4,11:4,12:4,13:4,14:4,15:4,16:4,17:4,18:4,19:4,20:4,21:4,22:4,23:4,24:4"
natural,22:3
sectors,15:1
sr,"12:1,13:1"
applicant,"14:2,21:2"
st,"1:6,8:1"
q,"12:2,13:2"
sc,"7:4,15:1,17:1"
representation,"8:1,12:3,13:3,14:1,23:1"
unmasked,"12:1,13:1"
michel,"12:1,13:1"
soa,8:1
counsellor,9:1
wishing,16:1
thomson,"12:1,13:1"
course,"0:4,1:4,2:4,3:4,4:5,5:4,6:6,7:7,8:4,9:4,10:4,11:4,12:5,13:5,14:6,15:6,16:15,17:15,18:11,19:15,20:11,21:6,22:4,23:4,24:4"
experiments,"8:1,23:1"
statistical,"8:2,11:1,20:1,23:2"
outlining,"17:1,19:1"
machine,"8:2,23:1"
accepted,16:2
group,"3:1,6:1,12:1,13:1,24:1"
jia,8:2
enrolment,9:1
forms,7:3
window,"7:4,8:4"
offers,"0:1,4:1,16:1,17:1,19:1"
policy,"17:1,19:1"
mail,"8:1,10:5,12:1,13:1"
main,"4:4,12:2,13:2,19:1,20:1,22:8"
theengineering,20:1
non,"8:2,23:2"
finance,0:1
evolution,"12:1,13:1"
scaling,"12:1,13:1"
records,4:1
qualified,"15:1,16:1,17:2,18:2,19:2,20:2,21:1"
not,"16:2,17:1,18:1,19:1,20:1,24:1"
nov,"3:1,12:12,13:12"
now,"1:1,7:1"
iemobile,"7:2,8:2"
developments,"12:1,13:1,24:1"
term,"9:3,15:1,16:1"
name,8:1
opera,"7:2,8:2"
january,"3:2,14:1,16:1,17:1,18:1,19:1,20:1,21:1"
directories,"0:2,1:2,2:2,3:2,4:2,5:2,6:2,7:2,8:2,9:2,10:2,11:2,12:2,13:2,14:2,15:2,16:2,17:2,18:2,19:2,20:2,21:2,22:2,23:2,24:2"
drop,"6:2,7:2"
geotechnical,9:1
crypto,"18:1,21:1"
roch,"5:2,8:3,23:3"
el,"12:1,13:1"
en,"0:1,1:1,2:1,3:1,4:5,5:1,6:1,7:1,8:1,9:1,10:1,11:1,12:3,13:3,14:1,15:1,16:1,17:1,18:1,19:1,20:1,21:1,22:10,23:1,24:1"
botnets,"12:1,13:1"
challenged,"8:1,23:1"
kang,"12:1,13:1"
challenges,"4:1,12:3,13:3,16:1"
gaps,"12:1,13:1"
entering,"15:1,16:1"
year,"14:1,17:1,18:1,19:1,20:1,21:2"
et,"1:1,22:3"
ev,"0:1,1:7,2:1,3:1,4:1,5:1,6:1,7:1,8:19,9:1,10:1,11:1,12:1,13:1,14:1,15:1,16:1,17:1,18:1,19:1,20:1,21:1,22:1,23:17,24:1"
canada,"0:4,1:6,2:3,3:3,4:4,5:4,6:3,7:3,8:3,9:5,10:3,11:3,12:6,13:6,14:4,15:3,16:3,17:3,18:3,19:3,20:3,21:3,22:13,23:3,24:3"
eluru,"12:1,13:1"
space,"12:1,13:1"
internet,"8:1,12:3,13:3"
sensor,"8:3,23:2"
assurance,"8:2,20:1,23:2"
theory,"4:1,8:4,17:1,18:1,19:1,20:1,23:3"
defenses,18:1
million,"0:1,5:1,22:1"
ajax,"12:2,13:2"
ontario,"12:1,13:1"
institut,"12:2,13:2"
advance,"4:1,16:2"
training,"12:1,13:1"
milestones,"7:1,16:1"
language,16:1
where,16:2
uaeu,8:1
turn,1:1
mesh,"12:1,13:1"
gordon,8:3
method,"17:1,19:1"
first,"4:1,7:2,8:2,16:3,19:1,20:1"
bioinformatics,0:1
one,"1:1,14:1,16:1,17:4,18:2,19:5,20:2,21:1"
submit,16:1
suspended,14:2
carry,16:2
message,"0:1,3:1"
open,"4:1,8:1,11:1,23:1"
george,"0:2,1:3,2:2,3:2,4:2,5:2,6:2,7:2,8:2,9:2,10:2,11:2,12:3,13:3,14:2,15:2,16:2,17:2,18:2,19:2,20:2,21:2,22:2,23:2,24:2"
engineer,"12:3,13:3"
city,"1:1,8:1,12:1,13:1,23:1"
given,"18:1,21:1"
ian,"12:1,13:1"
response,"12:3,13:3"
rddc,8:1
returns,"12:1,13:1"
alfred,"12:1,13:1"
white,"12:1,13:1"
hyperelliptic,"12:1,13:1"
williams,"0:1,1:2,2:1,3:1,4:1,5:1,6:1,7:1,8:1,9:1,10:1,11:1,12:1,13:1,14:1,15:1,16:1,17:1,18:1,19:1,20:1,21:1,22:1,23:1,24:1"
exploring,"12:1,13:1"
mining,"0:1,8:4,12:2,13:2,23:1"
tyagi,"12:1,13:1"
that,"0:1,4:2,15:4,16:3,17:1,18:1,19:1,20:1,21:1"
pittsburgh,"12:1,13:1"
continuous,"3:3,11:3"
administered,16:1
shuai,"12:1,13:1"
representing,24:1
than,"16:1,17:1,18:1,19:1,20:1"
semantics,"8:1,23:1"
wide,"0:1,16:1,17:1,19:1"
effective,"12:1,13:1,24:1"
chadi,"5:4,8:3,23:3"
cloakware,"12:1,13:1"
r,"0:1,1:1,5:1,8:1,22:1"
sophie,"12:1,13:1"
counselor,9:1
nizar,"5:2,8:3,23:3"
and,"0:21,1:15,2:9,3:16,4:33,5:10,6:11,7:21,8:33,9:28,10:8,11:17,12:61,13:61,14:24,15:22,16:58,17:40,18:19,19:41,20:25,21:16,22:17,23:29,24:19"
register,16:1
encs,"0:1,1:1,2:1,3:4,4:9,5:1,6:2,7:3,8:1,9:4,10:1,11:1,12:5,13:5,14:1,15:1,16:4,17:1,18:2,19:1,20:2,21:2,22:17,23:1,24:4"
locations,15:1
mater,24:1
sas,7:2
any,"16:1,17:1,18:2,19:1,20:1"
mukti,"12:1,13:1"
efficient,"12:1,13:1"
lilia,10:3
offer,6:1
ideas,"12:2,13:2"
expires,"7:2,8:2"
masse,"12:1,13:1"
equipment,"2:1,5:1,22:1"
emphasis,"4:1,17:1,18:1,19:1,20:1"
potential,"4:1,15:1,17:1,18:1,19:1,20:1"
take,"1:10,14:1,16:3,17:1,18:3,19:1,20:2,21:1"
online,"1:1,11:1"
performance,"11:2,12:2,13:2"
strengths,3:1
channel,"12:1,13:1"
multiple,"12:1,13:1"
track,9:13
enter,"17:1,19:1"
visitors,1:1
donation,"12:1,13:1"
nadine,15:1
america,1:1
considered,"16:5,17:2,18:2,19:2,20:2"
average,"14:1,21:1"
phil,"12:1,13:1"
drive,1:2
managing,"4:3,16:2,17:1,18:1,19:1,20:1"
professional,"0:1,1:1,2:1,3:1,4:1,5:1,6:3,7:1,8:1,9:1,10:1,11:1,12:1,13:1,14:1,15:2,16:1,17:1,18:1,19:1,20:1,21:1,22:1,23:1,24:12"
senior,"12:3,13:3"
sigma,"12:3,13:3"
laws,4:2
qos,"8:2,12:1,13:1,23:1"
show,"7:6,8:6,11:1,12:4,13:4"
blandin,"12:1,13:1"
khosravifar,"12:1,13:1"
biometrics,"8:1,16:1,17:1,19:1"
ground,0:1
carsharing,11:1
insertbefore,"0:2,1:2,2:2,3:2,4:2,5:2,6:2,7:2,8:2,9:2,10:2,11:2,12:2,13:2,14:2,15:2,16:2,17:2,18:2,19:2,20:2,21:2,22:2,23:2,24:2"
title,"8:1,10:5"
readmission,7:1
crime,4:1
analytic,"12:2,13:2"
only,"0:1,16:3,17:2,18:3,19:2,20:3"
wood,"12:1,13:1"
dorval,1:1
equipped,"16:1,17:1,19:1"
get,"1:3,4:1,6:1,12:2,13:2"
assistant,"8:5,9:2,10:6,23:3"
designated,"16:1,17:1,19:1"
employers,15:1
ssl,"0:2,1:2,2:2,3:2,4:2,5:2,6:2,7:2,8:3,9:2,10:2,11:2,12:2,13:2,14:2,15:2,16:2,17:2,18:2,19:2,20:2,21:2,22:2,23:3,24:2"
rejection,16:1
geo,"16:1,17:1,19:1"
regarding,16:1
sanitization,"12:2,13:2"
robus,1:1
vision,"8:2,16:1,17:1,19:1,23:1"
orchids,"12:1,13:1"
kernel,"12:1,13:1"
mannan,"5:2,8:3,23:3"
sukhvinder,"12:1,13:1"
actively,24:1
college,"12:1,13:1"
seam,"12:1,13:1"
parking,"1:4,12:1,13:1"
calendar,"0:12,1:12,2:12,3:12,4:12,5:12,6:12,7:14,8:12,9:12,10:12,11:12,12:12,13:12,14:14,15:12,16:15,17:15,18:15,19:15,20:15,21:14,22:12,23:12,24:12"
tolulope,3:1
encouraged,15:1
william,"0:1,1:1,2:1,3:1,4:1,5:1,6:1,7:1,8:1,9:1,10:1,11:1,12:1,13:1,14:1,15:1,16:1,17:1,18:1,19:1,20:1,21:1,22:1,23:1,24:1"
ways,"4:1,17:1,18:1,19:1,20:1"
review,"11:1,16:1"
cosquer,"8:2,12:2,13:2"
between,"4:1,7:1,11:1,12:1,13:1,15:1"
import,4:1
geometric,"12:1,13:1"
arrival,1:2
infrastructure,"0:1,4:1,5:1,8:1,9:1,12:1,13:1,16:1,17:1,19:1,23:1"
jobs,"9:1,15:1"
august,"7:1,11:2,12:1,13:1"
comp,"14:2,16:1,21:2"
flow,"12:1,13:1"
js,"0:2,1:2,2:2,3:2,4:2,5:2,6:2,7:2,8:2,9:2,10:2,11:2,12:2,13:2,14:2,15:2,16:2,17:2,18:2,19:2,20:2,21:2,22:2,23:2,24:2"
cities,8:1
come,1:1
dates,"0:4,1:4,2:4,3:4,4:4,5:4,6:4,7:5,8:4,9:4,10:4,11:4,12:4,13:4,14:4,15:4,16:4,17:4,18:4,19:4,20:4,21:4,22:4,23:4,24:4"
berri,1:2
many,"4:1,24:2"
according,"17:1,19:1"
molson,"0:4,1:4,2:4,3:4,4:4,5:4,6:4,7:4,8:4,9:4,10:4,11:4,12:4,13:4,14:4,15:4,16:4,17:4,18:4,19:4,20:4,21:4,22:4,23:4,24:4"
tour,"9:1,12:1,13:1"
item,"17:1,19:1"
mourad,"5:2,8:3,23:3"
consel,"12:1,13:1"
rieur,"12:1,13:1"
among,0:1
forecasting,11:1
overview,"12:4,13:4"
period,16:2
grants,"0:1,1:1,2:1,3:1,4:1,5:3,6:1,7:1,8:1,9:1,10:1,11:1,12:1,13:1,14:1,15:1,16:1,17:1,18:1,19:1,20:1,21:1,22:9,23:1,24:1"
learning,"0:1,5:1,8:2,11:1,12:3,13:3,16:1,17:1,19:1,23:1"
showmore,"12:2,13:2"
arts,"0:9,1:9,2:9,3:9,4:9,5:9,6:9,7:9,8:9,9:12,10:9,11:9,12:9,13:9,14:9,15:9,16:9,17:9,18:9,19:9,20:9,21:9,22:9,23:9,24:9"
marc,"12:3,13:3"
analogies,"12:1,13:1"
west,1:8
cqa,"12:1,13:1"
ing,24:1
dependable,"12:1,13:1"
helicopter,"12:1,13:1"
ghimire,"12:1,13:1"
direction,1:3
qse,7:4
offered,"16:1,21:1"
aero,"9:1,22:2"
andrew,8:2
external,"0:2,16:2,17:1,19:1"
quick,"0:4,1:4,2:4,3:4,4:4,5:4,6:4,7:4,8:4,9:4,10:4,11:4,12:4,13:4,14:4,15:4,16:4,17:4,18:4,19:4,20:4,21:4,22:4,23:4,24:4"
andrea,"5:2,8:3,23:3"
protocols,"16:1,17:1,19:1,21:1"
case,"7:1,11:1,12:1,13:1,17:1,19:1"
pasquarelli,10:2
developing,"11:1,12:1,13:1"
these,"4:2,12:1,13:1,17:1,18:2,19:1,20:1,21:1,24:1"
policies,"12:5,13:5"
residence,"16:3,17:2,18:2,19:2,20:2"
investigating,11:1
setuid,"3:2,12:2,13:2"
cluster,"0:1,8:2"
hammad,"5:2,8:3,23:3"
ambient,"8:1,23:1"
motivated,15:1
technology,"0:2,8:1,12:12,13:12,14:1,16:1,23:1"
binary,"3:3,6:1,7:1,11:1"
different,"0:1,12:1,13:1,15:1"
media,"0:4,1:4,2:4,3:4,4:4,5:4,6:4,7:4,8:7,9:4,10:4,11:5,12:4,13:4,14:4,15:4,16:4,17:4,18:4,19:4,20:4,21:4,22:4,23:4,24:4"
granted,"16:1,17:1,18:1,19:1,20:1"
s,"0:10,1:10,2:10,3:11,4:13,5:10,6:11,7:11,8:30,9:11,10:10,11:10,12:16,13:16,14:10,15:13,16:30,17:23,18:16,19:22,20:16,21:10,22:10,23:26,24:10"
same,"15:1,16:1"
authentication,"8:1,23:1"
html,"0:1,1:1,2:1,3:1,4:1,5:1,6:1,7:1,8:1,9:1,10:1,11:2,12:7,13:8,14:1,15:1,16:1,17:1,18:1,19:1,20:1,21:1,22:1,23:1,24:1"
honeywell,"12:1,13:1"
desautels,"12:1,13:1"
document,"0:6,1:6,2:6,3:6,4:10,5:6,6:6,7:16,8:16,9:6,10:6,11:6,12:8,13:8,14:6,15:6,16:6,17:6,18:6,19:6,20:6,21:6,22:14,23:6,24:6"
events,"0:6,1:5,2:5,3:14,4:5,5:5,6:5,7:5,8:5,9:5,10:5,11:6,12:6,13:6,14:5,15:5,16:5,17:5,18:5,19:5,20:5,21:5,22:5,23:5,24:6"
breakdown,"18:1,20:1"
finish,3:1
faculty,"0:5,1:2,2:2,3:3,4:2,5:2,6:2,7:3,8:24,9:13,10:2,11:2,12:4,13:4,14:4,15:2,16:16,17:15,18:5,19:15,20:6,21:2,22:2,23:2,24:4"
rfid,"11:1,12:2,13:2,16:1,17:1,19:1"
driven,"3:2,12:2,13:2"
scrolltop,"7:4,8:4"
ois,"8:1,12:2,13:2"
holders,16:1
renewable,8:1
undefined,"7:4,8:4"
coursework,15:1
costs,1:1
very,"12:1,13:1"
model,"3:1,11:1,12:3,13:3"
laboratories,"5:3,16:2,17:2,19:2,22:1"
researchers,"0:2,1:1,2:1,3:1,4:1,5:4,6:1,7:1,8:1,9:1,10:1,11:1,12:1,13:1,14:1,15:1,16:1,17:1,18:1,19:1,20:1,21:1,22:1,23:10,24:1"
taxi,1:3
summer,"14:1,16:1,17:1,18:1,19:1,20:1,21:1"
tagnodes,"4:4,22:8"
being,4:1
macompsc,"14:1,16:1,17:1,19:1,20:1"
actions,"12:1,13:1"
vallerand,8:2
heuristic,"12:1,13:1"
doctoral,"3:1,4:1,7:1,16:9"
improvement,"12:1,13:1,16:1"
instrument,9:1
treatment,"17:1,19:1"
nav,"7:4,8:4"
real,"17:1,18:1"
aspects,"12:1,13:1"
around,3:1
exdays,"7:6,8:6"
bechhoefer,"12:1,13:1"
aace,24:1
schedules,"0:4,1:6,2:4,3:4,4:4,5:4,6:4,7:5,8:4,9:4,10:4,11:4,12:4,13:4,14:5,15:4,16:5,17:5,18:5,19:5,20:5,21:5,22:4,23:4,24:4"
world,"3:1,12:2,13:2,24:1"
amr,"5:2,8:3,10:1,23:3"
amt,"1:1,12:1,13:1"
adams,10:2
patrick,"8:2,12:1,13:1"
blackberry,"7:2,8:2"
inter,16:1
twelve,"16:1,20:1"
laugh,24:1
exposed,15:1
sequences,"6:2,7:1"
ashrae,24:1
specified,16:1
images,"4:4,22:8"
matching,"7:1,11:1,12:2,13:2"
provided,"15:1,17:2,18:1,19:1,20:1"
ability,16:1
fluids,9:1
legal,4:1
voice,24:1
critical,"7:1,16:1"
exit,1:8
guillaume,"12:2,13:2"
serviceswhat,"0:4,1:4,2:4,3:4,4:4,5:4,6:4,7:4,8:4,9:4,10:4,11:4,12:4,13:4,14:4,15:4,16:4,17:4,18:4,19:4,20:4,21:4,22:4,23:4,24:4"
francois,"12:1,13:1"
tomorrow,3:1
scientific,"7:1,11:1"
business,"0:4,1:4,2:4,3:4,4:5,5:4,6:4,7:4,8:4,9:4,10:4,11:4,12:6,13:6,14:4,15:5,16:5,17:5,18:4,19:5,20:4,21:4,22:4,23:4,24:4"
equivalent,"14:1,16:3,17:2,18:2,19:2,20:2,21:1"
slaughter,"12:1,13:1"
tuition,"14:1,16:1,17:1,18:1,19:1,20:1,21:1"
credits,"14:3,15:1,16:12,17:9,18:11,19:8,20:12,21:4"
leadership,"4:1,16:1"
toutcstring,"7:2,8:2"
session,"12:1,13:1"
on,"0:7,1:7,3:1,4:1,8:2,9:1,11:3,12:6,13:6,14:1,16:8,17:2,18:2,19:2,20:2,21:1,23:2,24:1"
central,1:1
stations,11:1
rootnav,"12:2,13:2"
of,"0:30,1:15,2:17,3:15,4:24,5:15,6:13,7:17,8:17,9:23,10:13,11:20,12:59,13:59,14:25,15:18,16:74,17:53,18:38,19:52,20:40,21:25,22:17,23:17,24:31"
industry,"11:2,12:2,13:2,14:2,16:1,17:3,19:3,22:2"
piecewise,"12:1,13:1"
acm,"12:1,13:1"
practical,"4:1,15:1,16:1"
supervised,"3:1,12:2,13:2"
encryption,"12:1,13:1"
mixed,"3:1,11:1"
os,"8:1,23:1"
or,"0:1,1:10,4:1,12:1,13:1,14:2,15:2,16:12,17:8,18:6,19:7,20:6,21:4,24:2"
op,"7:1,15:22,17:2,19:2"
outlook,"12:1,13:1"
communication,"0:1,8:2,16:2,17:2,19:2,23:2"
image,"3:1,4:4,5:2,8:3,11:1,16:1,17:1,19:1,22:8,23:2"
essex,"12:1,13:1"
accounts,9:2
makan,8:1
valuable,15:1
your,"6:1,7:1,24:2"
imageevars,"4:4,22:8"
argumentation,"8:1,23:1"
logics,"8:1,23:1"
log,"12:4,13:4"
prepare,"4:2,16:3,17:1,18:1,19:1,20:1"
area,"4:3,14:1,16:3,17:2,18:3,19:2,20:3,21:2"
assumed,16:1
there,1:1
hazards,"12:1,13:1"
yao,"12:1,13:1"
deadlines,"7:5,14:2,16:2,17:2,18:4,19:2,20:2,21:4"
hee,"12:1,13:1"
mondays,6:1
low,"12:1,13:1"
lot,"1:2,12:1,13:1"
hec,"12:5,13:5"
complete,"4:1,15:1,16:6,17:3,18:1,19:3,20:2,21:1"
fundamentals,16:1
jul,"12:1,13:1"
bookstore,"0:4,1:4,2:4,3:4,4:4,5:4,6:4,7:4,8:4,9:4,10:4,11:4,12:4,13:4,14:4,15:4,16:4,17:4,18:4,19:4,20:4,21:4,22:4,23:4,24:4"
methodologies,"18:1,20:1,21:1"
technologies,"0:1,4:1,8:2,12:4,13:4,16:1,17:2,18:1,19:2,20:1,22:3,23:2"
promote,24:1
with,"0:2,3:1,4:2,6:3,9:1,12:8,13:8,14:1,15:4,16:7,17:5,18:3,19:5,20:3,21:1"
getdate,"7:2,8:2"
fraud,4:1
applying,11:1
embedded,0:2
cgpa,"14:3,17:1,18:1,19:1,20:1,21:3"
emissions,"12:1,13:1"
detailed,16:1
ac,8:1
required,"16:9,17:2,18:2,19:2,20:2"
ae,8:1
ad,"8:3,12:1,13:1,23:2"
videos,"12:1,13:1"
af,"12:2,13:2"
certain,17:1
am,"12:4,13:4"
al,"1:4,12:9,13:9"
general,"1:2,15:1,16:2,17:2,18:2,19:2,20:2"
as,"0:3,1:1,4:5,5:1,12:3,13:3,14:2,15:2,16:10,17:8,18:2,19:7,20:2,21:2,24:2"
reliability,"8:1,12:1,13:1"
au,22:1
at,"0:3,1:8,2:2,3:3,4:3,5:2,6:5,7:3,8:2,9:3,10:2,11:2,12:5,13:5,14:6,15:3,16:6,17:7,18:7,19:8,20:7,21:6,22:2,23:2,24:5"
amours,"12:1,13:1"
biochemistry,9:1
personnel,"0:1,16:1,17:1,19:1"
hybrid,"3:1,11:1"
graduate,"0:12,1:11,2:8,3:8,4:11,5:8,6:13,7:13,8:10,9:8,10:23,11:8,12:9,13:9,14:18,15:9,16:22,17:20,18:16,19:20,20:16,21:18,22:8,23:10,24:17"
field,"15:1,16:1"
spatial,"8:1,12:1,13:1,23:1"
you,"1:12,4:1,24:3"
schiffauerova,"5:2,8:3,23:3"
verter,"12:1,13:1"
students,"0:2,1:1,2:1,3:2,4:5,5:1,6:4,7:10,8:1,9:1,10:1,11:1,12:2,13:2,14:5,15:9,16:22,17:15,18:9,19:15,20:9,21:5,22:1,23:1,24:11"
includes,15:1
important,"0:6,1:5,2:6,3:6,4:5,5:5,6:6,7:7,8:5,9:6,10:5,11:6,12:6,13:6,14:6,15:5,16:6,17:6,18:6,19:6,20:6,21:6,22:6,23:5,24:6"
mechanical,"14:2,16:2,17:2,19:3,20:3,21:2"
building,"0:3,1:7,2:2,3:2,4:2,5:2,6:2,7:2,8:2,9:3,10:2,11:3,12:2,13:2,14:4,15:2,16:4,17:4,18:2,19:5,20:5,21:3,22:2,23:2,24:2"
masc,"0:2,1:2,2:2,3:2,4:6,5:2,6:2,7:2,8:2,9:2,10:2,11:2,12:2,13:2,14:12,15:4,16:12,17:24,18:6,19:24,20:12,21:5,22:2,23:2,24:2"
imagediv,"4:8,22:16"
goubault,"12:2,13:2"
behavioral,"12:1,13:1"
directory,1:1
oral,"3:1,16:4"
original,16:1
represent,"17:1,19:1,24:1"
all,"0:8,1:9,2:8,3:8,4:8,5:8,6:8,7:10,8:8,9:8,10:8,11:8,12:8,13:8,14:8,15:9,16:9,17:10,18:10,19:10,20:10,21:8,22:8,23:8,24:12"
semantic,"12:2,13:2"
yacout,"12:1,13:1"
ali,"12:2,13:2"
montr,"1:4,12:9,13:9"
mireille,10:2
follow,"0:1,3:1,6:1,9:1,11:1,12:1,13:1,14:1,16:1,17:2,18:1,19:2,20:1,21:1,24:1"
reasoning,"8:1,12:2,13:2,23:1"
synthetic,22:1
cujobs,9:1
opportunities,"0:5,1:5,2:5,3:5,4:5,5:5,6:5,7:5,8:5,9:16,10:5,11:5,12:6,13:6,14:5,15:6,16:5,17:5,18:5,19:5,20:5,21:5,22:5,23:5,24:5"
to,"0:13,1:22,2:4,3:4,4:9,5:2,6:6,7:7,8:2,9:4,10:5,11:4,12:18,13:18,14:14,15:15,16:37,17:26,18:23,19:26,20:21,21:18,22:5,23:2,24:11"
foster,0:1
those,"18:1,21:1"
nieurs,24:1
suryn,"12:1,13:1"
presentation,"12:4,13:4,16:1"
activities,"0:1,16:1"
fax,"1:1,10:5"
appointment,9:3
returned,16:1
far,"12:1,13:1"
educative,16:1
fan,"12:1,13:1"
fall,"14:1,16:1,17:2,18:1,19:2,20:1,21:1"
difference,"12:1,13:1"
condition,"8:2,12:2,13:2"
alma,24:1
list,"12:2,13:2,18:1,20:1,21:1"
applicable,16:1
large,"0:1,12:3,13:3,14:1,22:1"
scrollmem,"7:4,8:4"
small,"12:1,13:1"
biological,"12:1,13:1"
instagram,"0:1,1:1,2:1,3:1,4:1,5:1,6:1,7:1,8:1,9:1,10:1,11:1,12:1,13:1,14:1,15:1,16:1,17:1,18:1,19:1,20:1,21:1,22:1,23:1,24:1"
shengji,"12:1,13:1"
design,"0:1,2:4,5:2,8:4,9:1,11:1,12:10,13:10,14:1,16:4,17:3,19:3,20:1,21:2,23:4"
quebec,"0:3,1:3,2:3,3:4,4:3,5:3,6:3,7:3,8:3,9:3,10:3,11:3,12:4,13:4,14:3,15:3,16:3,17:3,18:3,19:3,20:3,21:3,22:4,23:3,24:5"
pass,16:1
further,1:1
linear,"12:1,13:1"
what,"6:2,12:1,13:1"
defence,"17:1,19:1,22:3"
richard,"12:1,13:1"
pinterest,"0:1,1:1,2:1,3:1,4:1,5:1,6:1,7:1,8:1,9:1,10:1,11:1,12:1,13:1,14:1,15:1,16:1,17:1,18:1,19:1,20:1,21:1,22:1,23:1,24:1"
section,"16:1,17:1,18:1,19:2,20:3,22:3"
brief,"12:1,13:1,17:1,19:1"
exdate,"7:8,8:8"
sup,"12:4,13:4"
public,"1:2,4:1,12:2,13:2,15:1"
segmentation,"3:1,12:2,13:2"
full,"8:4,16:8,17:2,18:2,19:2,20:2,24:1"
hash,"7:20,8:20"
editorial,11:1
eligibility,15:2
component,"0:1,7:4,8:4,16:1"
modular,9:1
operating,18:1
november,"3:21,6:3,7:3,11:3,12:6,13:6"
strong,"17:1,18:1"
search,"0:1,1:2,2:1,3:1,4:1,5:1,6:1,7:1,8:1,9:1,10:1,11:1,12:1,13:1,14:1,15:1,16:1,17:1,18:1,19:1,20:1,21:1,22:1,23:1,24:1"
microdata,"12:1,13:1"
experience,"15:3,18:1,20:1"
prior,"15:1,16:1,17:1,18:1,19:1,20:1"
airport,1:2
social,"0:1,1:1,2:1,3:1,4:1,5:1,6:1,7:1,8:4,9:1,10:1,11:3,12:1,13:1,14:1,15:1,16:1,17:1,18:1,19:1,20:1,21:1,22:1,23:2,24:1"
action,16:1
options,"18:3,20:3"
conditioning,24:1
otrok,8:1
via,"1:1,11:1,12:1,13:1"
followed,"17:1,19:1"
requiring,"17:1,18:1,19:1,20:1"
transit,"1:1,12:2,13:2"
clound,8:1
href,"7:2,8:2"
analyzing,"4:2,12:3,13:3,16:1,17:1,18:1,19:1,20:1"
abasyoun,8:1
conventional,"8:2,23:2"
attendance,7:2
objectives,0:2
destination,1:1
two,"4:1,7:1,11:1,12:1,13:1,14:1,16:2,17:3,19:3,21:1"
automata,"8:1,23:1"
langelier,"12:2,13:2"
brunswick,"12:1,13:1"
markets,"7:1,11:1"
achieving,"12:1,13:1"
more,"0:4,1:4,2:11,3:12,4:5,5:4,6:5,7:7,8:4,9:5,10:4,11:5,12:8,13:8,14:4,15:6,16:5,17:5,18:6,19:5,20:5,21:5,22:4,23:4,24:8"
door,7:1
miri,"12:1,13:1"
dion,"12:1,13:1"
leonard,8:3
admissions,9:3
foundations,18:1
noman,"12:2,13:2"
town,15:1
avl,"12:1,13:1"
none,"0:2,1:1,2:2,3:2,4:1,5:1,6:2,7:1,8:1,9:2,10:1,11:2,12:2,13:2,14:2,15:1,16:2,17:2,18:2,19:2,20:2,21:2,22:2,23:1,24:2"
completion,"14:1,16:3,21:1"
science,"0:11,1:9,2:9,3:9,4:9,5:9,6:9,7:10,8:11,9:18,10:9,11:9,12:13,13:13,14:14,15:9,16:18,17:23,18:13,19:22,20:16,21:10,22:9,23:10,24:14"
des,24:1
entertainment,14:2
remain,15:1
nine,20:1
carolers,3:1
learn,"2:7,4:1,15:2,24:2"
dec,"3:1,12:2,13:2"
dee,"12:1,13:1"
history,0:2
mackay,1:3
share,"0:1,1:1,2:1,3:1,4:1,5:1,6:1,7:1,8:1,9:1,10:1,11:1,12:1,13:1,14:1,15:1,16:1,17:1,18:1,19:1,20:1,21:1,22:1,23:1,24:2"
accept,"18:1,21:1"
minimum,"14:1,16:8,17:4,18:2,19:4,20:4,21:1"
sysml,"12:1,13:1"
information,"0:17,1:11,2:12,3:8,4:25,5:11,6:8,7:10,8:13,9:8,10:8,11:8,12:12,13:12,14:14,15:9,16:33,17:36,18:30,19:16,20:13,21:12,22:10,23:11,24:8"
needs,24:1
yiming,"12:1,13:1"
goal,24:1
algorithms,"8:1,12:1,13:1,23:1"
csc,24:1
vachon,"12:1,13:1"
maps,"0:1,1:1,2:1,3:1,4:1,5:1,6:1,7:1,8:1,9:1,10:1,11:1,12:1,13:1,14:1,15:1,16:1,17:1,18:1,19:1,20:1,21:1,22:1,23:1,24:1"
influences,"7:1,11:1"
wahba,10:2
blood,"12:2,13:2"
coming,1:2
fh,"8:1,23:1"
ethics,4:1
lifecycle,"8:1,23:1"
a,"0:7,1:8,2:1,3:9,4:8,5:1,6:3,7:11,8:7,9:1,10:2,11:5,12:25,13:25,14:15,15:8,16:62,17:31,18:11,19:29,20:19,21:14,22:11,23:1,24:5"
short,1:1
prerequisites,"14:1,21:1"
thesupervisor,19:1
documentation,"12:1,13:1"
supervision,"17:1,19:1"
ortho,"12:1,13:1"
fundamental,"0:1,5:1"
geographic,"8:1,16:1,17:1,19:1,23:1"
retrieval,"8:1,12:1,13:1"
help,"12:1,13:1"
finessing,"12:1,13:1"
september,"3:1,12:8,13:8,14:1,16:1,17:1,18:1,19:1,20:1,21:1"
taxonomy,"12:1,13:1"
ite,24:1
disabled,"12:2,13:2"
paper,"12:1,13:1"
through,"12:4,13:4,15:1,17:1,18:1,19:1,20:1"
committee,"15:1,16:15,17:3,18:1,19:3,20:1"
documents,16:2
itt,"12:1,13:1"
its,"11:1,12:2,13:2,15:3"
multiagent,"12:1,13:1"
ottawa,22:2
solving,"12:1,13:1"
rieure,"12:3,13:3"
enquiries,"0:2,1:3,6:2,10:1"
grade,"14:1,21:1"
systems,"0:24,1:12,2:15,3:12,4:49,5:16,6:11,7:14,8:22,9:17,10:11,11:11,12:28,13:28,14:21,15:13,16:47,17:47,18:37,19:45,20:36,21:18,22:20,23:18,24:11"
stephen,"12:1,13:1"
good,"14:1,15:1,17:1,19:1,21:2"
return,"7:2,8:2"
ceo,"12:1,13:1"
electives,21:1
inria,"12:1,13:1"
framework,"12:3,13:3"
getelementbyid,"4:4,22:8"
weeds,"12:1,13:1"
communities,15:1
yu,8:3
trustworthiness,"12:1,13:1"
association,24:8
fully,"16:1,17:1,18:1,19:1,20:1"
courses,"14:3,16:6,17:4,18:6,19:6,20:9,21:6"
found,7:1
universit,"12:4,13:4"
benwen,"12:1,13:1"
serhanim,8:1
weight,"12:1,13:1"
generation,"2:4,12:1,13:1,16:1,21:1"
energy,"8:1,9:1"
houari,"12:2,13:2"
teleconferencing,"12:1,13:1"
undertake,"15:1,16:1"
myconcordia,"0:1,1:1,2:1,3:1,4:1,5:1,6:1,7:2,8:1,9:1,10:1,11:1,12:1,13:1,14:1,15:1,16:1,17:1,18:1,19:1,20:1,21:1,22:1,23:1,24:1"
operation,0:1
beyond,16:1
event,"12:1,13:1"
funding,"0:3,1:1,2:1,3:1,4:1,5:4,6:1,7:1,8:1,9:1,10:1,11:1,12:1,13:1,14:2,15:1,16:2,17:2,18:2,19:2,20:2,21:2,22:19,23:1,24:1"
psychology,3:1
p,"3:3,6:2,12:1,13:1"
robert,"12:2,13:2"
since,0:1
viability,16:1
research,"0:12,1:2,2:12,3:3,4:4,5:19,6:2,7:3,8:5,9:4,10:2,11:4,12:5,13:5,14:2,15:2,16:33,17:19,18:3,19:19,20:3,21:2,22:21,23:6,24:2"
abonti,3:1
health,8:1
evaluation,"3:3,6:1,7:1,11:1,16:2,17:1,18:1,19:1"
benjamin,"8:1,15:1"
asq,"12:1,13:1"
assist,"14:1,15:1"
earns,15:1
upon,"1:2,16:5"
enforcing,"12:1,13:1"
ouest,1:3
labs,"2:1,5:1,7:1,23:1"
houses,5:1
reason,2:4
cookie,"7:6,8:6"
imaging,"8:1,23:1"
members,"0:1,1:1,2:1,3:1,4:1,5:1,6:1,7:1,8:9,9:1,10:1,11:1,12:1,13:1,14:1,15:1,16:5,17:2,18:1,19:2,20:1,21:1,22:1,23:1,24:2"
put,"4:1,17:1,18:1,19:1,20:1"
wymore,"12:1,13:1"
diro,"12:1,13:1"
director,"0:1,8:4,10:7,12:1,13:1,15:2,16:2,17:2,19:1,23:4"
benefits,"12:2,13:2"
american,"12:2,13:2,24:1"
elective,"16:1,19:2,20:1,21:1"
w,"0:3,1:4,2:3,3:3,4:3,5:3,6:3,7:3,8:3,9:3,10:3,11:3,12:3,13:3,14:3,15:3,16:3,17:3,18:3,19:3,20:3,21:3,22:3,23:3,24:3"
twenty,"18:2,20:1"
cdma,"8:1,23:1"
htmlstring,"12:4,13:4"
number,"12:1,13:1,16:1"
least,"14:4,16:1,17:2,18:1,19:2,20:1,21:4,24:1"
changing,15:1
staying,24:1
guest,"12:1,13:1"
script,"0:4,1:4,2:4,3:4,4:4,5:4,6:4,7:4,8:4,9:4,10:4,11:4,12:4,13:4,14:4,15:4,16:4,17:4,18:4,19:4,20:4,21:4,22:4,23:4,24:4"
leading,2:4
saini,"12:1,13:1"
construct,"12:1,13:1"
station,"1:5,12:1,13:1"
oiq,24:1
storm,"12:1,13:1"
scheme,16:1
slidedown,"12:2,13:2"
option,"1:1,17:2,18:1,19:2,20:1"
checklist,7:4
hotel,11:1
getter,"7:2,8:2"
consult,"16:1,17:1,19:1"
obama,3:1
jquery,"7:2,8:2"
ste,1:1
kind,4:1
variational,11:1
forensics,"0:1,4:1,8:1,12:1,13:1,16:1,17:1,19:1,23:1"
sts,1:1
toward,"12:2,13:2"
refrigerating,24:1
interactive,"3:1,12:2,13:2"
abreast,24:1
null,"7:4,8:4"
karl,"12:1,13:1"
rochester,"12:2,13:2"
esterman,"12:1,13:1"
liu,"12:1,13:1"
internal,0:1
tawbi,"12:1,13:1"
towards,"12:2,13:2,16:1"
electric,11:1
architects,"17:1,18:1"
jsp,"4:4,22:8"
plan,"7:4,16:2,18:1,20:1"
sandra,"12:1,13:1"
services,"0:10,1:10,2:23,3:10,4:11,5:10,6:12,7:12,8:16,9:14,10:10,11:10,12:13,13:13,14:10,15:10,16:10,17:10,18:10,19:11,20:11,21:10,22:10,23:13,24:10"
bouguila,"3:1,5:2,8:3,11:1,23:3"
approved,"16:4,17:4,18:1,19:2,20:1"
intervenes,0:1
salary,15:1
maziar,"12:1,13:1"
gaby,3:1
mobile,"8:6,12:2,13:2,23:3"
clear,4:1
maier,8:2
km,1:3
ext,"1:1,8:19,10:5,23:16"
part,"8:6,16:6,17:3,18:2,19:3,20:2,24:1"
eisen,"12:1,13:1"
thomas,"12:1,13:1"
synergetic,22:1
journeys,1:2
minimizing,"12:1,13:1"
acceptability,"14:1,21:1"
carrie,"12:1,13:1"
fine,"0:4,1:4,2:4,3:4,4:4,5:4,6:4,7:4,8:4,9:4,10:4,11:4,12:4,13:4,14:4,15:4,16:4,17:4,18:4,19:4,20:4,21:4,22:4,23:4,24:4"
networks,"2:4,8:9,12:3,13:3,16:1,17:1,19:1,21:1,23:8"
impact,11:2
concorida,"12:2,13:2"
copyright,4:1
szymanski,"12:1,13:1"
distributed,"8:3,21:1,23:1"
teodor,"12:1,13:1"
flights,1:1
diffusion,"12:1,13:1"
his,"4:1,15:1,17:2,18:1,19:1,20:1"
publicity,"12:1,13:1"
gains,15:2
king,"12:1,13:1"
financing,15:1
cote,8:1
fastest,14:1
during,"7:1,12:1,13:1,16:1"
setdate,"7:2,8:2"
rajesh,"12:1,13:1"
banking,0:1
common,0:1
withdrawal,16:1
sustainable,"8:2,12:3,13:3,23:2"
anonymizing,"12:1,13:1"
set,"4:1,21:1"
art,"0:1,5:1"
ecuyer,"12:1,13:1"
maurice,8:1
intelligence,"8:1,16:1,17:1,19:1,23:1"
selecting,"17:1,19:1"
efsm,"8:1,23:1"
see,"0:4,1:5,2:4,3:4,4:4,5:4,6:4,7:4,8:4,9:4,10:4,11:4,12:4,13:4,14:4,15:4,16:6,17:7,18:5,19:7,20:5,21:4,22:4,23:4,24:4"
defense,"3:11,6:2,7:4,11:12"
are,"0:3,1:5,2:4,4:1,15:1,16:6,17:2,18:1,19:2,20:1,24:2"
multicommodity,"12:1,13:1"
genomic,"3:1,8:1,12:2,13:2,23:1"
project,"12:2,13:2,16:3,17:1,19:1,20:1"
threats,3:1
multiparty,"8:1,23:1"
currently,4:1
please,"7:2,14:1,15:1,16:2,17:3,18:4,19:3,20:3,21:2"
coordination,"12:1,13:1"
libraries,"0:3,1:3,2:3,3:3,4:3,5:3,6:3,7:3,8:3,9:3,10:3,11:3,12:3,13:3,14:3,15:3,16:3,17:3,18:3,19:3,20:3,21:3,22:3,23:3,24:3"
various,"0:1,5:1,7:1,11:1,16:1,17:1,19:1,24:1"
rachida,"5:2,8:3,10:1,23:3"
mcmaster,"12:1,13:1"
consecutive,"12:1,13:1"
numerous,"3:1,4:1"
available,1:3
javascript,"0:2,1:2,2:2,3:2,4:2,5:2,6:2,7:2,8:2,9:2,10:2,11:2,12:2,13:2,14:2,15:2,16:2,17:2,18:2,19:2,20:2,21:2,22:2,23:2,24:2"
programsinformation,"14:1,16:1,17:1,18:1,19:1,20:1,21:1"
incident,"4:1,16:1,17:1,19:1"
vesque,1:2
both,"4:1,15:1,16:2,17:1,19:1"
c,"0:2,1:1,2:2,3:2,4:1,5:1,6:2,7:1,8:1,9:2,10:1,11:2,12:2,13:2,14:2,15:1,16:2,17:2,18:2,19:2,20:2,21:2,22:2,23:1,24:2"
reverse,"3:3,6:1,7:1,11:2"
phishing,"8:1,23:1"
nserc,"0:1,5:1,9:2,22:3"
annie,"12:1,13:1"
supply,"3:3,4:1,6:1,7:1,8:3,11:3,12:4,13:4,16:1,17:1,19:2,20:2,23:3"
community,6:1
agents,"8:1,23:1"
capabilities,"12:1,13:1"
terminus,1:1
described,"17:1,18:1,19:1,20:1"
raise,4:1
create,0:1
creativity,2:4
criaq,22:7
whom,"17:1,19:1"
secret,"12:1,13:1"
maintenance,"8:1,9:1,12:2,13:2"
collected,"12:1,13:1"
ph,"4:4,12:1,13:1,16:2"
meeting,"12:1,13:1"
pm,"12:80,13:80"
firm,"12:1,13:1"
dialogue,"8:1,23:1"
nrg,"12:1,13:1"
modelling,"4:1,19:1,20:1"
else,"7:2,8:2"
fung,8:2
understand,16:1
whitney,"12:1,13:1"
systematic,"12:2,13:2"
demand,11:1
rxli,8:1
handling,"4:1,16:1,17:1,19:1"
empirical,11:1
evaluated,"17:1,19:1"
pace,24:1
while,21:1
optimization,"8:1,11:1,12:1,13:1,16:1,17:1,19:1"
behavior,"12:1,13:1"
hypervisor,"8:1,23:1"
animated,"12:1,13:1"
guide,"8:1,12:1,13:1"
fernandez,"12:1,13:1"
engineers,24:3
rit,"12:1,13:1"
jpg,"4:4,22:6"
rim,"12:1,13:1"
auda,"12:1,13:1"
ready,"7:2,8:2,12:2,13:2"
limit,"16:1,17:2,18:2,19:2,20:2"
carbon,"12:1,13:1"
examiners,"16:1,17:1,19:1"
panasonic,22:1
rifat,3:1
twofold,"19:1,20:1"
james,"12:1,13:1"
contents,"12:1,13:1"
survey,"12:1,13:1"
prerequisite,"17:1,18:1,19:1,20:1"
higher,21:1
development,"0:1,1:1,2:1,3:1,4:1,5:1,6:1,7:1,8:1,9:1,10:1,11:1,12:7,13:7,14:18,15:1,16:5,17:5,18:2,19:5,20:3,21:4,22:4,23:1,24:1"
used,0:1
comprehensive,16:9
levels,4:1
user,"8:2,12:2,13:2,23:2"
tarmissi,"12:1,13:1"
yuan,8:2
elec,21:1
hamza,"3:1,5:2,8:3,10:1,11:1,23:3"
analysis,"3:3,6:1,7:1,8:7,11:1,12:2,13:2,23:5"
without,16:1
gsa,24:3
edge,"2:1,4:1,5:1,17:1,18:1,19:1,20:1"
lingyu,"5:2,8:3,23:3"
homecoming,3:1
y,"12:1,13:1"
liaison,15:2
chemistry,9:1
wie,24:1
competitive,"12:1,13:1,17:1,18:1,19:1,20:1"
baroudi,10:2
questions,7:1
using,"12:5,13:5"
revisitation,"3:2,12:2,13:2"
discipline,"4:1,16:4,17:1,18:1,19:1,20:1"
loading,"12:2,13:2"
helping,"4:1,17:1,18:1,19:1,20:1"
also,16:4
indexof,"7:8,8:8"
admission,"14:7,16:9,17:7,18:6,19:7,20:6,21:5"
alternate,15:1
guaranteed,"12:2,13:2"
parents,"12:2,13:2"
location,"0:3,1:5,2:3,3:3,4:3,5:3,6:3,7:7,8:8,9:3,10:4,11:4,12:12,13:12,14:3,15:3,16:3,17:3,18:3,19:3,20:3,21:3,22:3,23:4,24:3"
relevance,0:1
guarantees,"12:1,13:1"
administrative,10:2
surprised,24:1
associations,"0:1,1:1,2:1,3:1,4:1,5:1,6:3,7:1,8:1,9:1,10:1,11:1,12:1,13:1,14:1,15:1,16:1,17:1,18:1,19:1,20:1,21:1,22:1,23:1,24:16"
marco,"12:1,13:1"
march,"3:1,11:9,12:7,13:7"
lacking,16:1
format,15:2
big,"9:1,12:1,13:1"
niosi,"12:1,13:1"
game,"0:1,1:1,2:1,3:1,4:1,5:1,6:1,7:1,8:3,9:1,10:1,11:1,12:1,13:1,14:18,15:1,16:3,17:3,18:2,19:3,20:3,21:3,22:1,23:2,24:1"
private,15:1
aerospace,"0:1,9:1,11:1,12:2,13:2,14:1,16:1,17:1,19:1,20:1,22:1"
integer,"12:1,13:1"
projects,"0:1,7:2,12:3,13:3,16:1,17:1,19:1,22:1"
formal,"8:2,12:1,13:1,23:2"
modifications,16:1
pertinent,16:1
d,"0:1,1:4,4:4,5:1,12:2,13:2,16:2,22:2,24:1"
follows,"16:2,17:2,18:1,19:2,20:1"
signal,"3:1,8:2,11:1,23:1"
communications,8:1
continue,"14:1,18:1,21:2"
larrecql,"12:2,13:2"
technologie,"12:4,13:4"
google,"0:3,1:3,2:3,3:3,4:3,5:3,6:3,7:3,8:3,9:3,10:3,11:3,12:3,13:3,14:3,15:3,16:3,17:3,18:3,19:3,20:3,21:3,22:3,23:3,24:3"
methods,"3:1,8:2,11:1,23:2"
some,"4:1,17:1,18:2,19:1,20:1,21:1"
pierre,"12:4,13:4"
streaming,"12:1,13:1"
added,21:1
simulatable,"12:1,13:1"
apply,"12:1,13:1,14:2,15:3,16:2,17:3,18:4,19:3,20:3,21:3"
scale,"12:3,13:3"
decision,"8:2,12:2,13:2,16:1,17:1,19:1,22:1,23:2"
integration,16:1
mrst,"0:1,5:1"
innovation,"2:4,8:4,11:1,12:2,13:2,22:2,23:4"
prof,"12:9,13:9"
either,"0:1,1:3,17:1"
be,"4:1,7:4,14:5,16:24,17:15,18:9,19:15,20:7,21:8,24:2"
processing,"3:1,5:2,8:4,11:1,16:1,17:1,19:1,23:2"
lakes,"12:1,13:1"
rue,1:4
step,0:1
become,"0:1,14:1,15:1"
informatics,"16:1,17:1,19:1"
feb,"12:6,13:6,14:15,16:15,17:15,18:3,19:15,20:15,21:5"
abroad,1:1
certificate,"4:3,14:8,16:1,17:1,19:1,20:1,21:8"
graduation,"12:1,13:1,14:1,21:1"
simulation,"8:1,11:1,12:1,13:1,23:1"
range,"0:1,15:1,16:1,17:1,19:1"
sponsored,"16:1,17:1,19:1"
credible,0:1
computational,"8:1,23:1"
into,"1:2,16:1,17:1,18:1,19:1,20:1"
within,"1:1,11:1,16:4,17:3,18:3,19:3,20:1,21:1,24:1"
elasticity,9:1
nothing,"12:1,13:1"
appropriate,"16:2,17:1,18:1,19:2,20:2"
proportional,"12:1,13:1"
france,"12:1,13:1"
clustering,"12:1,13:1"
statistics,"8:1,16:1,17:1,19:1"
span,"0:2,1:1,2:2,3:2,4:1,5:1,6:2,7:1,8:1,9:2,10:1,11:2,12:2,13:2,14:2,15:1,16:2,17:2,18:2,19:2,20:2,21:2,22:2,23:1,24:2"
grids,"12:2,13:2"
witold,"12:1,13:1"
long,"12:2,13:2"
consultation,"17:1,18:1,19:1,20:1"
forward,"12:2,13:2"
registered,24:1
library,16:1
line,1:3
youssef,"5:2,8:3,10:1,23:3"
info,"0:1,1:1,2:1,3:1,4:5,5:1,6:1,7:1,8:1,9:1,10:1,11:1,12:5,13:5,14:1,15:1,16:1,17:1,18:1,19:1,20:1,21:1,22:9,23:1,24:1"
zhu,"12:1,13:1"
middleware,"16:1,17:1,19:1"
us,"0:6,1:8,2:5,3:4,4:4,5:4,6:4,7:4,8:4,9:4,10:4,11:4,12:4,13:4,14:4,15:6,16:4,17:4,18:4,19:4,20:4,21:4,22:4,23:4,24:4"
ul,"7:2,8:2,12:2,13:2"
verification,"8:2,12:1,13:1,23:2"
z,"0:1,1:1,2:1,3:1,4:1,5:1,6:1,7:1,8:1,9:1,10:1,11:1,12:1,13:1,14:1,15:1,16:1,17:1,18:1,19:1,20:1,21:1,22:1,23:1,24:1"
ua,"0:2,1:2,2:2,3:2,4:2,5:2,6:2,7:2,8:2,9:2,10:2,11:2,12:2,13:2,14:2,15:2,16:2,17:2,18:2,19:2,20:2,21:2,22:2,23:2,24:2"
medical,"8:1,23:1"
bell,"12:1,13:1,22:5"
units,"12:1,13:1,16:2,17:2,19:2"
supervisor,"15:1,16:4,17:5,19:3"
chad,"12:1,13:1"
alumni,"3:1,6:1,24:5"
influence,"4:1,17:1,18:1,19:1,20:1"
accessibility,"0:2,1:2,2:2,3:2,4:2,5:2,6:2,7:2,8:2,9:2,10:2,11:2,12:2,13:2,14:2,15:2,16:2,17:2,18:2,19:2,20:2,21:2,22:2,23:2,24:2"
coordinator,"9:2,10:6,15:1"
engineering,"0:28,1:16,2:19,3:21,4:37,5:23,6:17,7:19,8:22,9:38,10:15,11:17,12:25,13:25,14:39,15:16,16:60,17:49,18:33,19:71,20:65,21:41,22:18,23:21,24:25"
organizational,"8:1,23:1"
codes,"4:1,7:1"
jcr,"4:4,12:2,13:2,22:8"
application,"3:2,7:1,12:4,13:4,14:2,16:4,17:3,18:4,19:3,20:3,21:2"
electrical,"9:1,14:1,16:1,17:1,19:2,20:2"
recognition,"8:1,16:1,17:1,19:1,23:1"
department,"9:2,10:3,12:1,13:1,16:1,17:2,18:1,19:2,21:1"
kamal,"12:1,13:1"
outsourced,"12:1,13:1"
olsr,"12:1,13:1"
beaugrand,1:1
sided,"7:1,11:1"
problems,"12:1,13:1"
prepared,4:1
regulations,4:1
cryptographic,"8:1,12:1,13:1,23:1"
e,"7:2,8:9,10:5,12:2,13:2,16:1,17:1,19:1,23:5"
algorithm,"7:1,11:1"
vehicles,11:1
youtube,"0:1,1:1,2:1,3:1,4:1,5:1,6:1,7:1,8:1,9:1,10:1,11:1,12:1,13:1,14:1,15:1,16:1,17:1,18:1,19:1,20:1,21:1,22:1,23:1,24:1"
departments,"0:4,1:4,2:4,3:4,4:4,5:4,6:4,7:4,8:4,9:4,10:4,11:4,12:4,13:4,14:4,15:4,16:4,17:4,18:5,19:4,20:4,21:5,22:4,23:4,24:4"
katz,"12:1,13:1"
code,"3:3,6:1,7:1,11:1"
partial,"12:1,13:1"
results,"17:1,19:1"
existing,"4:1,17:1,18:1,19:1,20:1"
highways,1:2
gc,8:2
ga,"0:12,1:12,2:12,3:12,4:12,5:12,6:12,7:12,8:12,9:12,10:12,11:12,12:12,13:12,14:12,15:12,16:12,17:12,18:12,19:12,20:12,21:12,22:12,23:12,24:12"
edu,8:1
query,"12:2,13:2"
issues,"4:3,12:1,13:1"
simon,8:1
languages,"8:1,23:1"
include,16:1
friendly,24:1
resources,"0:4,1:4,2:4,3:4,4:4,5:4,6:4,7:6,8:4,9:4,10:4,11:4,12:4,13:4,14:6,15:4,16:6,17:6,18:6,19:6,20:6,21:6,22:4,23:4,24:4"
advisors,15:1
sherbrooke,"0:1,1:7,2:1,3:1,4:1,5:1,6:1,7:1,8:1,9:1,10:1,11:1,12:1,13:1,14:1,15:1,16:1,17:1,18:1,19:1,20:1,21:1,22:1,23:1,24:1"
logos,22:8
automotive,0:1
engineered,"12:1,13:1"
facebook,"0:3,1:2,2:2,3:2,4:2,5:2,6:2,7:2,8:2,9:2,10:2,11:2,12:2,13:2,14:2,15:2,16:2,17:2,18:2,19:2,20:2,21:2,22:2,23:2,24:2"
stackoverflow,"12:2,13:2"
arrange,16:1
tro,1:3
positions,9:4
shanling,"12:1,13:1"
assignments,7:2
trudeau,1:1
logistics,"8:1,11:1,12:1,13:1,23:1"
video,14:1
traveling,1:2
download,"14:2,21:2"
click,"7:2,8:2,12:2,13:2"
append,"12:2,13:2"
contingent,16:1
multimedia,"0:1,8:3,14:1,23:2"
mejri,"12:1,13:1"
find,"1:3,6:1,12:8,13:8"
access,"1:2,12:2,13:2"
indian,"12:2,13:2"
t,"12:3,13:3"
firms,"11:1,12:1,13:1"
multivariate,"12:1,13:1"
degree,"14:3,16:16,17:9,18:9,19:9,20:9,21:3"
ibis,"12:1,13:1"
bachelor,"14:1,16:5,17:1,18:1,19:1,20:1,21:1"
les,22:2
focused,15:1
meet,"6:2,14:1,15:1,21:1"
engage,"4:1,16:1,17:1,18:1,19:1,20:1"
metro,1:2
technical,"12:2,13:2"
involved,"6:1,16:1,17:1,19:1"
larger,1:2
implementation,"8:1,11:1,12:1,13:1,23:1"
cert,"0:2,1:2,2:2,3:2,4:2,5:2,6:2,7:2,8:2,9:2,10:2,11:2,12:2,13:2,14:14,15:2,16:4,17:4,18:4,19:4,20:4,21:14,22:2,23:2,24:2"
products,"4:2,12:3,13:3,19:1,20:1"
cto,"12:2,13:2"
honor,1:1
examining,"4:1,17:1,18:1,19:1,20:1"
examinations,16:1
avionics,9:1
clark,"5:2,8:3,12:1,13:1,23:3"
apr,"12:2,13:2"
sgw,"0:2,1:2,2:2,3:2,4:2,5:2,6:2,7:2,8:2,9:2,10:2,11:2,12:2,13:2,14:2,15:2,16:2,17:2,18:2,19:2,20:2,21:2,22:2,23:2,24:2"
outcomes,11:1
webmail,"0:3,1:3,2:3,3:3,4:3,5:3,6:3,7:3,8:3,9:3,10:3,11:3,12:3,13:3,14:3,15:3,16:3,17:3,18:3,19:3,20:3,21:3,22:3,23:3,24:3"
addressed,4:1
apc,"12:1,13:1"
tools,"12:2,13:2"
cloud,"8:1,12:1,13:1"
standing,"14:1,16:2,17:2,18:1,19:2,20:1,21:1"
use,"1:1,12:3,13:3"
fee,"14:1,16:1,17:1,18:1,19:1,20:1,21:1"
from,"0:2,1:11,3:1,4:1,5:1,11:1,12:4,13:4,14:1,15:1,16:5,17:5,18:5,19:7,20:8,21:2,22:5"
usa,"1:1,22:1"
next,"2:4,12:1,13:1,21:1"
few,1:1
examination,16:11
chu,"12:1,13:1"
vehicle,"12:2,13:2"
expressway,1:2
upcoming,"3:2,7:2"
src,"0:2,1:2,2:2,3:2,4:2,5:2,6:2,7:2,8:2,9:2,10:2,11:2,12:4,13:4,14:2,15:2,16:2,17:2,18:2,19:2,20:2,21:2,22:2,23:2,24:2"
maisonneuve,"0:2,1:4,2:2,3:2,4:2,5:2,6:2,7:2,8:2,9:2,10:2,11:2,12:2,13:2,14:2,15:2,16:2,17:2,18:2,19:2,20:2,21:2,22:2,23:2,24:2"
gendron,"12:1,13:1"
imagelink,"4:4,22:8"
train,"0:1,1:5,12:1,13:1"
brochure,"14:1,21:2"
appointed,"16:1,17:1,19:1"
women,24:1
topic,"5:2,16:1,17:4,18:3,19:6,20:7"
ferdous,3:1
this,"0:1,1:1,2:1,3:1,4:3,5:1,6:1,7:7,8:7,9:1,10:1,11:1,12:3,13:3,14:1,15:1,16:8,17:8,18:4,19:9,20:5,21:2,22:1,23:1,24:1"
gabriel,"12:1,13:1"
ride,1:1
cybercrime,3:1
control,"4:2,8:4,12:1,13:1,23:2"
links,"0:6,1:4,2:4,3:4,4:4,5:4,6:4,7:6,8:4,9:6,10:4,11:4,12:4,13:4,14:4,15:4,16:4,17:4,18:6,19:4,20:6,21:4,22:4,23:6,24:4"
process,"8:2,12:4,13:4,16:1,23:2"
purposes,"16:1,17:1,19:1"
promotional,10:2
high,"0:1,8:1,15:1,16:3,17:2,18:1,19:2,20:1"
blvd,"0:2,1:5,2:2,3:2,4:2,5:2,6:2,7:2,8:2,9:2,10:2,11:2,12:2,13:2,14:2,15:2,16:2,17:2,18:2,19:2,20:2,21:2,22:2,23:2,24:2"
tab,"7:14,8:14"
crespi,8:1
ayda,8:2
sir,"0:2,1:3,2:2,3:2,4:2,5:2,6:2,7:2,8:2,9:2,10:2,11:2,12:2,13:2,14:2,15:2,16:2,17:2,18:2,19:2,20:2,21:2,22:2,23:2,24:2"
malware,"3:3,6:1,7:1,8:2,11:1,12:1,13:1,18:1,23:1"
tao,"12:2,13:2"
varied,15:1
uqam,"1:1,12:2,13:2"
six,"12:3,13:3"
arrangement,"17:1,19:1"
located,1:2
forest,"12:3,13:3"
intelligent,"8:3,23:2"
buildings,9:1
blocks,1:1
inse,"12:1,13:1,14:2,16:1,17:6,18:2,19:4,20:5,21:4"
fran,"8:1,12:2,13:2"
philosophy,0:1
educational,15:1
abuse,4:1
tier,"3:3,6:1,7:1,8:1,9:2,11:1,12:1,13:1,23:1"
requirements,"7:3,14:7,15:1,16:9,17:13,18:11,19:13,20:11,21:7"
light,"12:1,13:1"
lines,1:1
element,8:1
mcgill,"12:7,13:7"
healthcare,"12:1,13:1"
evolutionary,"12:1,13:1"
produces,"16:1,17:1,19:1"
ordre,24:1
pernatozzi,10:2
mcompsc,"14:1,16:1,17:1,19:1,20:1"
including,"0:1,5:1,16:1,17:1,20:1"
graph,"12:1,13:1"
operative,"15:12,17:1,18:1,19:1,20:1"
industries,"11:1,14:1"
superior,16:1
le,22:1
csce,24:2
la,"12:1,13:1,22:4"
chosen,"16:1,17:1,19:2,20:1,21:1"
temporal,"8:1,23:1"
li,"8:2,12:9,13:9"
permanent,15:1
degrees,4:2
choose,15:1
criminal,4:1
conformance,"8:1,23:1"
freeman,"12:1,13:1"
dam,"4:4,22:8"
cutting,"2:1,4:1,5:1,17:1,18:1,19:1,20:1"
asymmetrical,"12:1,13:1"
applicants,"16:3,17:3,18:4,19:3,20:4"
february,3:2
university,"0:15,1:13,2:13,3:14,4:12,5:13,6:13,7:12,8:12,9:16,10:12,11:13,12:41,13:41,14:13,15:12,16:16,17:16,18:15,19:16,20:15,21:14,22:14,23:12,24:19"
mode,"12:1,13:1"
bentley,8:1
naveen,"12:1,13:1"
administrator,10:3
related,"0:2,9:2,15:2,16:3,18:2,20:2,23:2"
inverted,11:1
society,"9:1,12:2,13:2,24:3"
wsts,"12:1,13:1"
khabbaz,8:1
autoroute,1:2
special,"14:1,21:1"
out,"6:1,15:1,16:2"
matrix,"12:2,13:2"
crc,"12:1,13:1"
rep,"12:1,13:1"
ren,"1:1,12:1,13:1"
lecture,"12:1,13:1"
electronics,0:1
cause,3:1
integrated,"12:1,13:1"
cartoons,"12:1,13:1"
achievements,"12:1,13:1"
eca,24:1
interactions,"7:1,11:1"
ipod,"7:2,8:2"
activity,"16:1,17:1,19:1"
loyola,"0:2,1:3,2:2,3:2,4:2,5:2,6:2,7:2,8:2,9:2,10:2,11:2,12:2,13:2,14:2,15:2,16:2,17:2,18:2,19:2,20:2,21:2,22:2,23:2,24:2"
coen,21:1
approaches,20:1
advisor,"9:1,17:2"
conflicts,4:1
additional,"16:1,17:1,18:1,19:1,20:1"
dirichlet,11:1
unescape,"7:2,8:2"
her,"4:1,15:1,17:2,18:1,19:1,20:1"
g,"8:4,23:4"
sustainability,11:1
times,6:2
conversation,"0:2,3:2,6:2,9:2,11:2,12:2,13:2,14:2,16:2,17:2,18:2,19:2,20:2,21:2,24:2"
length,"7:2,8:2,12:6,13:6"
timed,"8:1,23:1"
south,1:1
finest,"12:1,13:1"
yong,"5:4,8:3,23:3"
sigkdd,"12:1,13:1"
angrignon,1:2
strategic,"12:1,13:1"
kaust,"12:1,13:1"
quality,"0:3,1:2,2:2,3:7,4:14,5:2,6:3,7:4,8:6,9:4,10:2,11:4,12:10,13:10,14:5,15:3,16:6,17:6,18:5,19:24,20:25,21:4,22:2,23:6,24:2"
imagetitle,"4:4,22:8"
management,"0:3,1:1,2:1,3:1,4:6,5:1,6:1,7:1,8:7,9:2,10:1,11:3,12:12,13:12,14:3,15:1,16:7,17:7,18:2,19:8,20:5,21:17,22:2,23:5,24:1"
privacy,"0:2,1:2,2:2,3:2,4:4,5:2,6:2,7:2,8:7,9:2,10:2,11:2,12:12,13:12,14:2,15:2,16:2,17:2,18:2,19:2,20:2,21:2,22:2,23:6,24:2"
durable,"12:1,13:1"
achieved,7:1
system,"0:1,3:1,4:1,5:4,8:4,11:1,12:5,13:5,15:1,16:1,23:3"
relations,8:2
priority,"18:1,21:1"
their,"4:1,12:1,13:1,15:2,16:9,17:4,18:2,19:4,20:2,24:1"
attack,"12:2,13:2"
stephan,"12:1,13:1"
geneidy,"12:1,13:1"
final,1:1
interests,"0:1,4:2,8:1,16:2,17:2,19:2,24:1"
enforcement,"12:1,13:1"
completed,"14:1,16:2,17:2,18:1,19:2,20:1,21:2"
acquire,"4:2,17:1,18:1,19:1,20:1,21:1"
lists,"16:1,17:1,19:1"
slides,"12:1,13:1"
var,"0:6,1:6,2:6,3:6,4:22,5:6,6:6,7:22,8:22,9:6,10:6,11:6,12:16,13:16,14:6,15:6,16:6,17:6,18:6,19:6,20:6,21:6,22:38,23:6,24:6"
fuzzy,"12:2,13:2"
july,"7:1,11:8,12:3,13:3"
institution,15:1
rss,"3:5,7:2"
ipad,"7:2,8:2"
ben,"3:1,5:2,8:2,10:1,11:1,23:2"
warfare,"12:1,13:1"
bec,"0:1,1:2,5:1,22:1"
submitted,"16:1,17:1,18:1,19:1,20:1"
individual,"4:1,17:1,18:1,19:1,20:1"
embody,3:1
doctorate,16:4
distinguished,"12:9,13:9"
descriptions,"6:2,14:1,16:1,17:1,18:1,19:1,20:1,21:1"
tabs,"7:4,8:4"
inrs,8:1
goldberg,"12:1,13:1"
have,"1:2,14:3,17:5,18:1,19:5,20:1,21:3"
need,16:1
clearly,0:1
zulkernine,"12:1,13:1"
studying,"4:1,16:1"
mechanism,"8:1,23:1"
contact,"0:3,1:12,2:2,3:1,4:1,5:1,6:1,7:1,8:1,9:1,10:1,11:1,12:1,13:1,14:1,15:3,16:1,17:2,18:2,19:1,20:1,21:2,22:1,23:1,24:1"
mix,"12:1,13:1,15:1"
which,"1:3,4:1,14:1,15:1,16:2,17:1,18:1,19:1,20:1,24:1"
agence,"1:1,12:1,13:1"
subject,"16:1,19:1"
competence,15:1
lecturer,8:2
lectures,"12:1,13:1"
centre,"0:4,1:4,2:4,3:4,4:4,5:4,6:4,7:4,8:4,9:5,10:4,11:4,12:4,13:4,14:4,15:4,16:5,17:5,18:4,19:5,20:4,21:4,22:4,23:4,24:4"
tenure,9:13
jorge,"12:1,13:1"
connected,"8:1,24:1"
class,"0:8,1:8,2:8,3:8,4:8,5:8,6:8,7:10,8:8,9:8,10:8,11:8,12:9,13:9,14:9,15:8,16:9,17:9,18:9,19:9,20:9,21:9,22:8,23:8,24:8"
placement,15:1
url,"12:6,13:6"
request,15:1
graphs,"12:2,13:2"
fujitsu,22:1
databases,"8:1,12:1,13:1"
bordeaux,"12:1,13:1"
deng,"12:1,13:1"
emerging,"0:1,8:1,23:1"
telegeoinformatics,"8:1,23:1"
text,"0:2,1:2,2:2,3:2,4:2,5:2,6:2,7:2,8:3,9:2,10:2,11:2,12:2,13:2,14:2,15:2,16:2,17:2,18:2,19:2,20:2,21:2,22:2,23:2,24:2"
charles,"12:1,13:1"
bring,"1:1,24:1"
planning,"12:2,13:2"
postdoctoral,"0:1,16:1,17:1,19:1"
greenhouse,"12:1,13:1"
staff,"0:2,1:2,2:1,3:1,4:1,5:1,6:1,7:1,8:1,9:3,10:10,11:1,12:2,13:2,14:1,15:1,16:1,17:1,18:1,19:1,20:1,21:1,22:1,23:1,24:1"
hadi,8:1
based,"0:3,8:5,11:1,12:8,13:8,16:1,23:4"
knowledge,"0:1,4:5,8:1,14:1,16:5,17:2,18:2,19:2,20:2,21:3,22:1,23:1"
employer,15:2
terminal,1:1
bernard,"12:1,13:1"
candidates,"14:1,16:2,21:1"
b,22:2
achieve,15:1
meant,"19:1,20:1"
watching,"12:1,13:1"
debbabi,"5:2,8:3,23:3"
municipal,"12:1,13:1"
joint,"12:3,13:3"
october,"3:2,7:2,11:4,12:8,13:8"
words,"12:1,13:1"
assi,"5:4,8:3,23:3"
lebel,"12:1,13:1"
procedures,16:1
lossless,"12:1,13:1"
areas,"0:3,16:2,17:2,19:4,20:4"
following,"14:1,16:1"
processes,"4:1,19:1,20:1"
seaux,8:1
qu,"0:1,1:2,5:1,22:3"
shu,"12:1,13:1"
h,"12:2,13:2"
mohammed,"12:2,13:2"
optimally,"12:2,13:2"
queries,"12:1,13:1"
grad,"0:2,1:2,2:2,3:2,4:2,5:2,6:2,7:2,8:2,9:2,10:2,11:2,12:2,13:2,14:14,15:2,16:4,17:4,18:4,19:4,20:4,21:14,22:2,23:2,24:2"
nist,"12:1,13:1"
view,1:2
mirabel,"12:1,13:1"
requirement,"8:1,14:1,17:1,18:1,19:1,20:1,21:1,23:1"
official,"18:1,21:1"
constructing,"12:1,13:1"
jafrin,3:1
national,"0:1,4:2,12:2,13:2,24:1"
awasthi,"5:4,8:3,11:1,23:3"
computer,"0:7,1:5,2:9,3:5,4:7,5:7,6:5,7:6,8:8,9:13,10:5,11:5,12:6,13:6,14:13,15:5,16:17,17:16,18:9,19:15,20:12,21:7,22:5,23:7,24:10"
btn,"12:2,13:2"
ghorbani,"12:1,13:1"
amtrak,1:1
pattern,"8:1,16:1,17:1,19:1,23:1"
state,"0:1,5:1,12:1,13:1"
luc,"12:1,13:1"
routing,"12:2,13:2"
lui,"12:1,13:1"
flickr,"0:2,1:1,2:1,3:1,4:1,5:1,6:1,7:1,8:1,9:1,10:1,11:1,12:1,13:1,14:1,15:1,16:1,17:1,18:1,19:1,20:1,21:1,22:1,23:1,24:1"
perfect,"12:1,13:1"
jos,"12:1,13:1"
exam,"3:1,16:1"
importance,"0:1,24:1"
agencies,"16:1,17:1,19:1,22:2"
implementing,"4:1,17:1,18:1,19:1,20:1"
job,"0:5,1:5,2:5,3:5,4:5,5:5,6:5,7:5,8:5,9:13,10:5,11:5,12:5,13:5,14:5,15:5,16:5,17:5,18:5,19:5,20:5,21:5,22:5,23:5,24:5"
key,"7:2,14:2,16:2,17:2,18:2,19:2,20:2,21:2"
approval,"15:1,16:1,19:1"
swift,"12:1,13:1"
shaban,8:1
tls,"8:1,23:1"
ets,"12:2,13:2"
career,3:1
invited,"3:3,12:18,13:18"
aircraft,11:1
presentations,16:1
metered,1:1
april,"12:14,13:14"
attributes,"4:1,16:1"
jersey,22:1
christen,"12:1,13:1"
relevant,"15:1,16:2"
co,"7:1,12:1,13:1,15:34,17:3,18:1,19:3,20:1"
cn,8:1
ca,"0:3,1:5,2:3,3:3,4:3,5:3,6:3,7:3,8:32,9:3,10:8,11:3,12:3,13:3,14:3,15:3,16:3,17:3,18:3,19:3,20:3,21:3,22:3,23:19,24:3"
environments,22:1
walk,1:1
maximize,"4:1,17:1,18:1,19:1,20:1"
modeling,"3:1,4:1,8:1,11:2,12:1,13:1,16:1"
cq,"4:4,22:8"
labor,"7:1,11:1"
undergraduate,"0:4,1:4,2:4,3:4,4:4,5:4,6:4,7:5,8:4,9:4,10:4,11:4,12:4,13:4,14:4,15:4,16:5,17:4,18:4,19:4,20:4,21:4,22:4,23:4,24:4"
withdrawn,16:1
powered,"2:1,5:1"
addition,"15:1,17:3,18:2,19:3,20:2"
saibal,"12:1,13:1"
silvie,10:2
kahn,"12:1,13:1"
proposal,16:8
suggested,"17:1,19:1"
mike,"12:2,13:2"
diversity,"12:2,13:2"
commuter,"1:1,12:1,13:1"
transfusion,"12:1,13:1"
vince,"12:1,13:1"
recherche,"12:1,13:1,22:3"
ensuring,24:1
graphics,"0:1,1:1,2:1,3:1,4:1,5:3,6:1,7:1,8:3,9:1,10:1,11:1,12:1,13:1,14:18,15:1,16:4,17:4,18:2,19:4,20:3,21:3,22:1,23:3,24:1"
nateq,"0:1,5:1"
an,"0:3,3:2,5:1,11:1,12:10,13:10,14:1,15:1,16:7,17:3,18:1,19:2,20:1,21:1"
present,24:1
multi,"3:3,6:1,7:1,8:4,11:1,23:4"
novel,"12:1,13:1"
incose,"12:8,13:8"
contexts,16:1
value,"7:4,8:4,12:1,13:1,21:1"
promotes,"16:1,17:1,19:1"
will,"1:3,4:3,14:4,16:18,17:10,18:5,19:10,20:4,21:4,24:1"
expiration,"12:2,13:2"
carleton,"12:1,13:1"
layer,21:1
examiner,16:1
site,15:1
linkedin,"0:2,1:2,2:2,3:3,4:2,5:2,6:2,7:2,8:2,9:3,10:2,11:2,12:2,13:2,14:2,15:2,16:2,17:2,18:2,19:2,20:2,21:2,22:2,23:2,24:3"
hardware,"8:1,23:1"
examined,16:1
partner,15:1
fonds,22:2
denial,"12:1,13:1"
productivity,"12:1,13:1"
administration,24:1
cross,16:2
eric,"12:2,13:2"
member,"12:1,13:1,16:1,24:1"
speaker,"3:3,12:20,13:20"
zhigang,8:1
largest,14:1
shuttle,"0:4,1:4,2:4,3:4,4:4,5:4,6:4,7:4,8:4,9:4,10:4,11:4,12:4,13:4,14:4,15:4,16:4,17:4,18:4,19:4,20:4,21:4,22:4,23:4,24:4"
android,"7:2,8:3,23:1"
finite,"8:1,11:1"
http,"0:3,1:3,2:3,3:3,4:3,5:3,6:3,7:3,8:3,9:3,10:3,11:3,12:5,13:5,14:3,15:3,16:3,17:3,18:3,19:3,20:3,21:3,22:5,23:3,24:3"
convocation,7:1
diploma,"14:1,16:1,17:1,19:1,20:1"
phd,"0:1,1:1,2:1,3:2,4:2,5:1,6:1,7:1,8:1,9:1,10:1,11:1,12:1,13:1,14:9,15:1,16:31,17:9,18:3,19:9,20:9,21:3,22:1,23:1,24:1"
architectures,"8:2,23:2"
student,"0:7,1:7,2:7,3:7,4:7,5:7,6:18,7:10,8:7,9:12,10:7,11:7,12:9,13:9,14:7,15:8,16:19,17:17,18:9,19:14,20:9,21:7,22:7,23:7,24:24"
frequently,7:1
setcookie,"7:4,8:4"
identity,"12:1,13:1"
numbered,"16:1,18:1"
bhattacharya,8:1
off,1:1
center,"0:1,12:1,13:1"
i,"4:8,7:2,8:3,9:1,12:1,13:1,16:1,22:16,23:1"
well,"4:1,14:1,15:1,16:2,17:1,19:1,21:1"
resourcescampus,"0:4,1:4,2:4,3:4,4:4,5:4,6:4,7:4,8:4,9:4,10:4,11:4,12:4,13:4,14:4,15:4,16:4,17:4,18:4,19:4,20:4,21:4,22:4,23:4,24:4"
theses,16:1
sets,"12:1,13:1"
position,9:13
sensing,8:1
latest,"0:4,1:4,2:4,3:5,4:4,5:4,6:4,7:4,8:4,9:4,10:4,11:4,12:4,13:4,14:4,15:4,16:4,17:4,18:4,19:4,20:4,21:4,22:4,23:4,24:5"
stores,"0:4,1:4,2:4,3:4,4:4,5:4,6:4,7:4,8:4,9:4,10:4,11:4,12:4,13:4,14:4,15:4,16:4,17:4,18:4,19:4,20:4,21:4,22:4,23:4,24:4"
samir,8:2
storage,"12:1,13:1"
obtain,"4:1,16:1,21:1"
sources,"0:1,5:1,12:1,13:1"
crainic,"12:1,13:1"
years,"16:3,17:2,18:2,19:2,20:2"
skill,16:1
drdc,"8:1,22:4"
web,"8:3,12:2,13:2,23:1"
console,"12:2,13:2"
bairong,"12:1,13:1"
lake,"12:1,13:1"
mcconnell,1:1
add,7:2
adoption,"12:1,13:1"
smart,"8:1,12:2,13:2"
details,"14:2,16:2,17:3,18:2,19:2,20:2,21:2"
identical,15:1
government,"4:1,15:2,16:2,17:1,19:1,22:2"
recharging,11:1
historic,3:1
five,"17:1,18:2,19:1,20:1"
know,1:1
pourzand,8:1
redesign,11:1
nanotechnology,"7:1,11:1"
password,"12:2,13:2"
necessary,"4:3,17:1,18:1,19:2,20:2,21:1"
chairs,3:1
exploiting,"4:1,16:1"
admitted,16:8
cspace,"0:4,1:3,2:3,3:3,4:3,5:3,6:3,7:3,8:3,9:3,10:3,11:3,12:3,13:3,14:3,15:3,16:3,17:3,18:3,19:3,20:3,21:3,22:3,23:3,24:3"
martin,8:2
async,"0:2,1:2,2:2,3:2,4:2,5:2,6:2,7:2,8:2,9:2,10:2,11:2,12:2,13:2,14:2,15:2,16:2,17:2,18:2,19:2,20:2,21:2,22:2,23:2,24:2"
soft,8:1
page,"0:1,1:2,2:1,3:1,4:1,5:1,6:1,7:1,8:1,9:1,10:1,11:1,12:1,13:1,14:1,15:1,16:1,17:1,18:1,19:1,20:1,21:1,22:1,23:1,24:1"
cognate,16:3
classical,"8:1,23:1"
sequence,"8:1,15:2,17:1,19:1,23:1"
twitter,"0:2,1:2,2:2,3:2,4:2,5:2,6:2,7:2,8:2,9:2,10:2,11:2,12:2,13:2,14:2,15:2,16:2,17:2,18:2,19:2,20:2,21:2,22:2,23:2,24:2"
hust,8:1
searching,1:1
parentnode,"0:2,1:2,2:2,3:2,4:2,5:2,6:2,7:2,8:2,9:2,10:2,11:2,12:2,13:2,14:2,15:2,16:2,17:2,18:2,19:2,20:2,21:2,22:2,23:2,24:2"
platforms,21:1
growth,"12:1,13:1"
export,4:1
recommendation,"16:1,17:1,18:1,19:1,20:1"
peter,"3:1,12:1,13:1"
employment,"14:1,15:1"
transport,"1:1,12:1,13:1"
throughout,24:1
jeremy,"5:2,8:2,12:1,13:1,23:2"
collaborative,"16:1,22:1"
lead,"12:1,13:1"
overlay,"12:1,13:1"
loeven,"12:1,13:1"
lean,"4:1,11:1,12:1,13:1,19:1,20:1"
mines,"12:1,13:1"
dfss,"12:1,13:1"
discretion,16:1
chains,"3:3,6:1,7:1,11:1"
schedule,"7:2,17:1,19:1"
aits,2:1
journal,11:1
ruixuan,8:1
usaf,"12:1,13:1"
jiayuan,8:1
java,21:1
hiding,"8:1,23:1"
about,"0:11,1:2,2:3,3:2,4:3,5:2,6:2,7:2,8:4,9:4,10:4,11:2,12:3,13:3,14:2,15:3,16:2,17:2,18:2,19:2,20:2,21:2,22:2,23:2,24:5"
rare,"12:1,13:1"
viviani,"12:1,13:1"
statement,"17:1,19:1"
introduced,4:1
software,"0:3,8:6,9:4,12:7,13:7,14:3,16:3,17:4,18:1,19:4,20:2,21:2,23:6"
warranty,"12:1,13:1"
catherine,1:2
weighted,"14:1,21:1"
registration,"0:4,1:4,2:4,3:4,4:4,5:4,6:6,7:6,8:4,9:4,10:4,11:4,12:5,13:5,14:4,15:4,16:11,17:6,18:5,19:6,20:5,21:4,22:4,23:4,24:4"
capable,"17:1,18:1"
networking,"8:6,23:6,24:1"
completions,"12:1,13:1"
transfer,"7:1,16:4,17:5,18:3,19:5,20:3"
housing,0:1
baojin,"12:1,13:1"
glitho,"5:2,8:3,23:3"
notices,"3:5,6:2,11:9"
function,"0:2,1:2,2:2,3:2,4:6,5:2,6:2,7:10,8:10,9:2,10:2,11:2,12:8,13:8,14:2,15:2,16:2,17:2,18:2,19:2,20:2,21:2,22:10,23:2,24:2"
north,1:2
pd,"12:1,13:1"
bus,"0:4,1:11,2:4,3:4,4:4,5:4,6:4,7:4,8:4,9:4,10:4,11:4,12:4,13:4,14:4,15:4,16:4,17:4,18:4,19:4,20:4,21:4,22:4,23:4,24:4"
shang,"12:1,13:1"
but,"15:1,16:1"
hu,"12:1,13:1"
construction,"0:1,9:2"
gain,14:1
automated,"12:1,13:1"
technician,9:1
candidacy,16:2
count,"12:1,13:1"
made,"17:1,19:1"
whether,24:1
wish,"14:1,21:1"
laporte,"12:2,13:2"
j,"1:1,8:1,23:1"
record,"12:1,13:1,16:1"
below,"1:1,17:1"
stories,"12:10,13:10"
demonstrate,16:1
problem,"12:2,13:2"
display,"0:2,1:1,2:2,3:2,4:1,5:1,6:2,7:1,8:1,9:2,10:1,11:2,12:2,13:2,14:2,15:1,16:2,17:2,18:2,19:2,20:2,21:2,22:2,23:1,24:2"
cryptosystems,"12:1,13:1"
marketplace,15:1
dissemination,"12:2,13:2"
our,"1:1,2:1,4:1,5:1,24:2"
education,"15:14,17:1,18:1,19:1,20:1"
campus,"0:14,1:15,2:14,3:14,4:14,5:14,6:16,7:14,8:14,9:14,10:14,11:14,12:14,13:14,14:14,15:14,16:14,17:14,18:14,19:14,20:14,21:14,22:14,23:14,24:14"
functions,"7:2,8:2"
variety,"15:1,22:1"
boot,"0:2,1:1,2:2,3:2,4:1,5:1,6:2,7:1,8:1,9:2,10:1,11:2,12:2,13:2,14:2,15:1,16:2,17:2,18:2,19:2,20:2,21:2,22:2,23:1,24:2"
virtual,"8:1,23:1"
illinois,"12:1,13:1"
other,"0:1,3:1,16:3,17:1,19:2,20:1,21:2,24:2"
futur,8:1
zhou,8:2
june,"0:1,1:1,3:1,12:1,13:1,14:17,16:16,17:16,18:4,19:16,20:16,21:6"
shown,17:1
aleksander,"12:1,13:1"
factors,"4:1,16:1"
portion,16:1
validation,"8:2,21:1,23:2"
defend,16:2
augmented,"16:1,17:1,19:1"
